-- phpMyAdmin SQL Dump
-- version 5.1.2
-- https://www.phpmyadmin.net/
--
-- Host: localhost:8889
-- Generation Time: May 21, 2023 at 07:27 AM
-- Server version: 5.7.24
-- PHP Version: 8.0.1

SET SQL_MODE = "NO_AUTO_VALUE_ON_ZERO";
START TRANSACTION;
SET time_zone = "+00:00";


/*!40101 SET @OLD_CHARACTER_SET_CLIENT=@@CHARACTER_SET_CLIENT */;
/*!40101 SET @OLD_CHARACTER_SET_RESULTS=@@CHARACTER_SET_RESULTS */;
/*!40101 SET @OLD_COLLATION_CONNECTION=@@COLLATION_CONNECTION */;
/*!40101 SET NAMES utf8mb4 */;

--
-- Database: `foomosa`
--

-- --------------------------------------------------------

--
-- Table structure for table `active`
--

CREATE TABLE `active` (
  `shop_id` int(11) NOT NULL,
  `active_id` int(11) NOT NULL,
  `active_title` varchar(50) DEFAULT NULL,
  `active_picture` varchar(100) DEFAULT NULL,
  `active_startdate` date DEFAULT NULL,
  `active_enddate` date DEFAULT NULL,
  `active_content` varchar(500) DEFAULT NULL,
  `active_ifDel` tinyint(4) DEFAULT '1',
  `active_editdate` timestamp NOT NULL DEFAULT CURRENT_TIMESTAMP
) ENGINE=InnoDB DEFAULT CHARSET=utf8;

--
-- Dumping data for table `active`
--

INSERT INTO `active` (`shop_id`, `active_id`, `active_title`, `active_picture`, `active_startdate`, `active_enddate`, `active_content`, `active_ifDel`, `active_editdate`) VALUES
(14, 1, '主餐新年折扣', '/upload/shop_id_14/event_img/newyear.jpg', '2023-01-15', '2023-03-15', '兌換店家優惠碼【新年來添好運】即可獲得主餐全面8折優惠卷乙張\r\n新年佳節，添好運港式茶點為您帶來滿滿的好運！在這個喜慶的時刻，我們誠摯邀請您來品嚐我們的特色主餐。只要在過年期間光臨添好運，您將享受主餐全面8折的超值優惠！讓我們的港式美食與您一同迎接新年的好兆頭。不論是家庭聚會還是和朋友共度時光，添好運都是您最佳的選擇！豐盛的菜品，細膩的口感，讓您品味到獨特的香港風味。請把握這個難得的機會，來添好運與我們一同慶祝新年！一道道美味等待著您，讓我們共享好運與美食的喜悅！', 0, '2023-05-15 04:27:53'),
(14, 2, '招牌必點母親節優惠', '/upload/shop_id_14/event_img/happymom.jpg', '2022-04-01', '2022-05-31', '兌換店家優惠碼【媽媽愛吃添好運】即可獲得招牌必點買一送一優惠卷乙張\r\n感恩母親節！添好運港式茶點特別為您準備驚喜！在這個特別的日子裡，我們誠摯邀請您與摯愛的母親一同品味香濃的港式美食。只要在母親節當天光臨添好運，您將享受我們店內招牌必點買一送一優惠！除了優惠價，我們也將提供精緻禮物讓您驚喜連連。無論是小夫妻約會，還是親朋好友聚會，添好運都是您的首選！來店即可感受我們獨特的味道和質感，讓這個母親節成為難忘的回憶！快來添好運，讓我們一起慶祝這個特別的節日吧！', 0, '2023-05-15 04:29:32'),
(14, 3, '夏季飲品特價', '/upload/shop_id_14/event_img/drink.jpg', '2022-06-15', '2022-08-30', '兌換店家優惠碼【炎炎添好運】即可獲得任選一飲品折扣5元優惠卷乙張\r\n夏日炎炎，添好運港式茶點為您帶來清涼的驚喜！在這個炎夏時節，我們誠摯邀請您來品味我們特色飲品。只要在夏天期間光臨添好運，您將享受任選一飲品折扣5元的超值優惠！無論您喜愛香濃的奶茶、清爽的冰沙，還是綿密的花茶，我們都能滿足您的口味。讓我們的飲品帶給您涼爽舒爽的感受，消暑解渴，讓您充滿活力度過夏日。快來添好運，品味我們獨特的飲品，讓您的夏天更加美好！這個夏天，與添好運一同享受冰涼的幸福！', 0, '2023-05-15 04:34:20'),
(14, 4, '冬季湯品特價', '/upload/shop_id_14/event_img/soup.jpg', '2022-11-15', '2022-12-31', '兌換店家優惠碼【添好運賜暖冬】即可獲得買千送任一湯品優惠卷乙張\r\n寒冬蒞臨，添好運港式茶點為您帶來暖心的特價優惠！在這個冬季，我們誠摯邀請您品嚐我們豐富的湯品。現在，只要消費滿千元，您就可以免費獲得另一款湯品！這是我們送給您的溫暖禮物，為您的冬日添上一抹美味。無論您喜愛濃郁的海鮮湯、滋補的雞蓉湯，還是鮮美的菇菇湯，我們都能滿足您的味蕾。快來添好運，品味我們獨特的湯品，讓您的冬季更加溫暖！這個冬天，與添好運一同享受美味湯品的暖意！', 0, '2023-05-15 04:35:17'),
(14, 5, '招牌必點母親節優惠', '/upload/shop_id_14/event_img/background.jpg', '2023-05-19', '2023-05-31', '兌換店家優惠碼【媽媽愛吃添好運】即可獲得招牌必點買一送一優惠卷乙張\r\n感恩母親節！添好運港式茶點特別為您準備驚喜！在這個特別的日子裡，我們誠摯邀請您與摯愛的母親一同品味香濃的港式美食。只要在母親節當天光臨添好運，您將享受我們店內招牌必點買一送一優惠！除了優惠價，我們也將提供精緻禮物讓您驚喜連連。無論是小夫妻約會，還是親朋好友聚會，添好運都是您的首選！來店即可感受我們獨特的味道和質感，讓這個母親節成為難忘的回憶！快來添好運，讓我們一起慶祝這個特別的節日吧！', 1, '2023-05-19 03:55:22');

-- --------------------------------------------------------

--
-- Table structure for table `business_now`
--

CREATE TABLE `business_now` (
  `shop_id` int(11) NOT NULL,
  `business_ifopen` tinyint(4) DEFAULT '0'
) ENGINE=InnoDB DEFAULT CHARSET=utf8;

--
-- Dumping data for table `business_now`
--

INSERT INTO `business_now` (`shop_id`, `business_ifopen`) VALUES
(1, 0),
(2, 0),
(3, 0),
(4, 0),
(5, 0),
(6, 0),
(7, 0),
(8, 0),
(9, 0),
(10, 0),
(11, 0),
(12, 0),
(13, 0),
(14, 0),
(15, 0),
(16, 0),
(17, 0),
(18, 0),
(19, 0),
(20, 0),
(21, 0),
(22, 0),
(23, 0),
(24, 0),
(25, 0),
(26, 0),
(27, 0),
(28, 0),
(29, 0),
(30, 0),
(31, 0),
(32, 0),
(33, 0),
(34, 0),
(35, 0),
(36, 0),
(37, 0),
(38, 0),
(39, 0),
(40, 0),
(41, 0),
(42, 0),
(43, 0),
(44, 0),
(45, 0),
(46, 0),
(47, 0),
(48, 0),
(49, 0),
(50, 0),
(51, 0),
(52, 0),
(53, 0),
(54, 0),
(55, 0),
(56, 0),
(57, 0),
(58, 0),
(59, 0),
(60, 0),
(61, 0),
(62, 0),
(63, 0),
(64, 0),
(65, 0),
(66, 0),
(67, 0),
(68, 0),
(69, 0),
(70, 0),
(71, 0),
(72, 0),
(73, 0),
(74, 0),
(75, 0),
(76, 0),
(77, 0),
(78, 0),
(79, 0),
(80, 0),
(81, 0),
(82, 0),
(83, 0),
(84, 0),
(85, 0),
(86, 0),
(87, 0),
(88, 0),
(89, 0),
(90, 0),
(91, 0),
(92, 0),
(93, 0);

-- --------------------------------------------------------

--
-- Table structure for table `class`
--

CREATE TABLE `class` (
  `class_id` tinyint(3) UNSIGNED NOT NULL,
  `class_name` varchar(5) NOT NULL
) ENGINE=InnoDB DEFAULT CHARSET=utf8;

--
-- Dumping data for table `class`
--

INSERT INTO `class` (`class_id`, `class_name`) VALUES
(6, '下午茶'),
(4, '中式料理'),
(5, '健康餐盒'),
(1, '其他'),
(13, '宵夜'),
(8, '日式料理'),
(9, '早午餐'),
(11, '火鍋'),
(2, '異國料理'),
(3, '素食'),
(10, '速食'),
(7, '韓式料理'),
(12, '飲料');

-- --------------------------------------------------------

--
-- Table structure for table `comment`
--

CREATE TABLE `comment` (
  `user_id` int(11) NOT NULL,
  `shop_id` int(11) NOT NULL,
  `comment_star` smallint(6) DEFAULT NULL,
  `comment_text` varchar(100) DEFAULT NULL,
  `comment_favorite` tinyint(4) DEFAULT '0',
  `created_at` timestamp NOT NULL DEFAULT CURRENT_TIMESTAMP
) ENGINE=InnoDB DEFAULT CHARSET=utf8;

--
-- Dumping data for table `comment`
--

INSERT INTO `comment` (`user_id`, `shop_id`, `comment_star`, `comment_text`, `comment_favorite`, `created_at`) VALUES
(1, 1, NULL, NULL, 0, '2023-05-01 04:44:14'),
(1, 3, 3, '', 0, '2023-05-02 06:34:21'),
(1, 5, 3, '好吃嗎!!!', 0, '2023-04-30 11:22:58'),
(1, 7, NULL, NULL, 1, '2023-05-01 09:27:05'),
(1, 10, 3, '666', 1, '2023-05-01 13:46:56'),
(1, 11, NULL, NULL, 1, '2023-04-30 15:18:08'),
(1, 12, 5, '', 1, '2023-04-30 14:52:18'),
(1, 13, NULL, NULL, 1, '2023-05-01 03:51:09'),
(1, 14, 5, '添好運豪好吃', 1, '2023-04-19 10:50:48'),
(1, 62, 1, '明天吃雞', 0, '2023-05-03 09:59:18'),
(3, 14, 4, '好吃但好盤', 0, '2023-04-17 12:50:48');

-- --------------------------------------------------------

--
-- Table structure for table `coupon`
--

CREATE TABLE `coupon` (
  `user_coupon_id` int(11) NOT NULL,
  `coupon_id` int(10) DEFAULT NULL,
  `user_id` int(10) DEFAULT NULL,
  `coupon_used_date` date DEFAULT NULL
) ENGINE=InnoDB DEFAULT CHARSET=utf8;

--
-- Dumping data for table `coupon`
--

INSERT INTO `coupon` (`user_coupon_id`, `coupon_id`, `user_id`, `coupon_used_date`) VALUES
(1, 1, 1, '2023-05-16'),
(2, 2, 1, NULL),
(3, 3, 1, NULL),
(4, 4, 1, NULL),
(5, 5, 1, NULL),
(6, 6, 1, NULL),
(7, 5, 1, NULL),
(8, 5, 1, NULL),
(9, 5, 1, NULL),
(10, 11, 21, '2022-05-01'),
(11, 11, 22, '2022-04-28'),
(12, 11, 23, '2022-05-15'),
(13, 12, 24, '2022-02-15'),
(14, 12, 25, '2022-01-30'),
(15, 13, 26, '2022-11-30'),
(16, 13, 27, '2022-12-15'),
(17, 14, 28, '2022-06-30'),
(18, 14, 29, '2022-07-15'),
(19, 14, 30, '2022-08-15'),
(20, 11, 21, '2022-05-01'),
(21, 11, 22, '2022-04-28'),
(22, 11, 23, '2022-05-15'),
(23, 12, 24, '2022-02-15'),
(24, 12, 25, '2022-01-30'),
(25, 13, 26, '2022-11-30'),
(26, 13, 27, '2022-12-15'),
(27, 14, 28, '2022-06-30'),
(28, 14, 29, '2022-07-15'),
(29, 14, 30, '2022-08-15'),
(30, 11, 21, '2022-05-01'),
(31, 11, 22, '2022-04-28'),
(32, 11, 23, '2022-05-15'),
(33, 12, 24, '2022-02-15'),
(34, 12, 25, '2022-01-30'),
(35, 13, 26, '2022-11-30'),
(36, 13, 27, '2022-12-15'),
(37, 14, 28, '2022-06-30'),
(38, 14, 29, '2022-07-15'),
(39, 14, 30, '2022-08-15'),
(40, 11, 21, '2022-05-01'),
(41, 11, 22, '2022-04-28'),
(42, 11, 23, '2022-05-15'),
(43, 12, 24, '2022-02-15'),
(44, 12, 25, '2022-01-30'),
(45, 13, 26, '2022-11-30'),
(46, 13, 27, '2022-12-15'),
(47, 14, 28, '2022-06-30'),
(48, 14, 29, '2022-07-15'),
(49, 14, 30, '2022-08-15'),
(50, 11, 21, '2022-05-01'),
(51, 11, 22, '2022-04-28'),
(52, 11, 23, '2022-05-15'),
(53, 12, 24, '2022-02-15'),
(54, 12, 25, '2022-01-30'),
(55, 13, 26, '2022-11-30'),
(56, 13, 27, '2022-12-15'),
(57, 14, 28, '2022-06-30'),
(58, 14, 29, '2022-07-15'),
(59, 14, 30, '2022-08-15'),
(60, 11, 21, '2022-05-01'),
(61, 11, 22, '2022-04-28'),
(62, 11, 23, '2022-05-15'),
(63, 12, 24, '2022-02-15'),
(64, 12, 25, '2022-01-30'),
(65, 13, 26, '2022-11-30'),
(66, 13, 27, '2022-12-15'),
(67, 14, 28, '2022-06-30'),
(68, 14, 29, '2022-07-15'),
(69, 14, 30, '2022-08-15'),
(70, 11, 21, '2022-05-01'),
(71, 11, 22, '2022-04-28'),
(72, 11, 23, '2022-05-15'),
(73, 12, 24, '2022-02-15'),
(74, 12, 25, '2022-01-30'),
(75, 13, 26, '2022-11-30'),
(76, 13, 27, '2022-12-15'),
(77, 14, 28, '2022-06-30'),
(78, 14, 29, '2022-07-15'),
(79, 14, 30, '2022-08-15'),
(80, 11, 21, '2022-05-01'),
(81, 11, 22, '2022-04-28'),
(82, 11, 23, '2022-05-15'),
(83, 12, 24, '2022-02-15'),
(84, 12, 25, '2022-01-30'),
(85, 13, 26, '2022-11-30'),
(86, 13, 27, '2022-12-15'),
(87, 14, 28, '2022-06-30'),
(88, 14, 29, '2022-07-15'),
(89, 14, 30, '2022-08-15'),
(90, 11, 21, '2022-05-01'),
(91, 11, 22, '2022-04-28'),
(92, 11, 23, '2022-05-15'),
(93, 12, 24, '2022-02-15'),
(94, 12, 25, '2022-01-30'),
(95, 13, 26, '2022-11-30'),
(96, 13, 27, '2022-12-15'),
(97, 14, 28, '2022-06-30'),
(98, 14, 29, '2022-07-15'),
(99, 14, 30, '2022-08-15'),
(100, 11, 21, '2022-05-01'),
(101, 11, 22, '2022-04-28'),
(102, 11, 23, '2022-05-15'),
(103, 12, 24, '2022-02-15'),
(104, 12, 25, '2022-01-30'),
(105, 13, 26, '2022-11-30'),
(106, 13, 27, '2022-12-15'),
(107, 14, 28, '2022-06-30'),
(108, 14, 29, '2022-07-15'),
(109, 14, 30, '2022-08-15'),
(110, 11, 21, '2022-05-01'),
(111, 11, 22, '2022-04-28'),
(112, 11, 23, '2022-05-15'),
(113, 12, 24, '2022-02-15'),
(114, 12, 25, '2022-01-30'),
(115, 13, 26, '2022-11-30'),
(116, 13, 27, '2022-12-15'),
(117, 14, 28, '2022-06-30'),
(118, 14, 29, '2022-07-15'),
(119, 14, 30, '2022-08-15'),
(120, 11, 21, '2022-05-01'),
(121, 11, 22, '2022-04-28'),
(122, 11, 23, '2022-05-15'),
(123, 12, 24, '2022-02-15'),
(124, 12, 25, '2022-01-30'),
(125, 13, 26, '2022-11-30'),
(126, 13, 27, '2022-12-15'),
(127, 14, 28, '2022-06-30'),
(128, 14, 29, '2022-07-15'),
(129, 14, 30, '2022-08-15'),
(130, 11, 21, '2022-05-01'),
(131, 11, 22, '2022-04-28'),
(132, 11, 23, '2022-05-15'),
(133, 12, 24, '2022-02-15'),
(134, 12, 25, '2022-01-30'),
(135, 13, 26, '2022-11-30'),
(136, 13, 27, '2022-12-15'),
(137, 14, 28, '2022-06-30'),
(138, 14, 29, '2022-07-15'),
(139, 14, 30, '2022-08-15'),
(140, 11, 21, '2022-05-01'),
(141, 11, 22, '2022-04-28'),
(142, 11, 23, '2022-05-15'),
(143, 12, 24, '2022-02-15'),
(144, 12, 25, '2022-01-30'),
(145, 13, 26, '2022-11-30'),
(146, 13, 27, '2022-12-15'),
(147, 14, 28, '2022-06-30'),
(148, 14, 29, '2022-07-15'),
(149, 14, 30, '2022-08-15'),
(150, 11, 21, '2022-05-01'),
(151, 11, 22, '2022-04-28'),
(152, 11, 23, '2022-05-15'),
(153, 12, 24, '2022-02-15'),
(154, 12, 25, '2022-01-30'),
(155, 13, 26, '2022-11-30'),
(156, 13, 27, '2022-12-15'),
(157, 14, 28, '2022-06-30'),
(158, 14, 29, '2022-07-15'),
(159, 14, 30, '2022-08-15'),
(160, 11, 21, '2022-05-01'),
(161, 11, 22, '2022-04-28'),
(162, 11, 23, '2022-05-15'),
(163, 12, 24, '2022-02-15'),
(164, 12, 25, '2022-01-30'),
(165, 13, 26, '2022-11-30'),
(166, 13, 27, '2022-12-15'),
(167, 14, 28, '2022-06-30'),
(168, 14, 29, '2022-07-15'),
(169, 14, 30, '2022-08-15'),
(170, 11, 21, '2022-05-01'),
(171, 11, 22, '2022-04-28'),
(172, 11, 23, '2022-05-15'),
(173, 12, 24, '2022-02-15'),
(174, 12, 25, '2022-01-30'),
(175, 13, 26, '2022-11-30'),
(176, 13, 27, '2022-12-15'),
(177, 14, 28, '2022-06-30'),
(178, 14, 29, '2022-07-15'),
(179, 14, 30, '2022-08-15'),
(180, 11, 21, '2022-05-01'),
(181, 11, 22, '2022-04-28'),
(182, 11, 23, '2022-05-15'),
(183, 12, 24, '2022-02-15'),
(184, 12, 25, '2022-01-30'),
(185, 13, 26, '2022-11-30'),
(186, 13, 27, '2022-12-15'),
(187, 14, 28, '2022-06-30'),
(188, 14, 29, '2022-07-15'),
(189, 14, 30, '2022-08-15'),
(190, 11, 21, '2022-05-01'),
(191, 11, 22, '2022-04-28'),
(192, 11, 23, '2022-05-15'),
(193, 12, 24, '2022-02-15'),
(194, 12, 25, '2022-01-30'),
(195, 13, 26, '2022-11-30'),
(196, 13, 27, '2022-12-15'),
(197, 14, 28, '2022-06-30'),
(198, 14, 29, '2022-07-15'),
(199, 14, 30, '2022-08-15'),
(200, 11, 21, '2022-05-01'),
(201, 11, 22, '2022-04-28'),
(202, 11, 23, '2022-05-15'),
(203, 12, 24, '2022-02-15'),
(204, 12, 25, '2022-01-30'),
(205, 13, 26, '2022-11-30'),
(206, 13, 27, '2022-12-15'),
(207, 11, 21, '2022-05-01'),
(208, 11, 22, '2022-04-28'),
(209, 11, 23, '2022-05-15'),
(210, 12, 24, '2022-02-15'),
(211, 12, 25, '2022-01-30'),
(212, 13, 26, '2022-11-30'),
(213, 13, 27, '2022-12-15'),
(214, 14, 28, '2022-06-30'),
(215, 14, 29, '2022-07-15'),
(216, 14, 30, '2022-08-15'),
(217, 11, 21, '2022-05-01'),
(218, 11, 22, '2022-04-28'),
(219, 11, 23, '2022-05-15'),
(220, 12, 24, '2022-02-15'),
(221, 12, 25, '2022-01-30'),
(222, 13, 26, '2022-11-30'),
(223, 13, 27, '2022-12-15'),
(224, 11, 21, '2022-05-01'),
(225, 11, 22, '2022-04-28'),
(226, 11, 23, '2022-05-15'),
(227, 12, 24, '2022-02-15'),
(228, 12, 25, '2022-01-30'),
(229, 13, 26, '2022-11-30'),
(230, 13, 27, '2022-12-15'),
(231, 14, 28, '2022-06-30'),
(232, 14, 29, '2022-07-15'),
(233, 14, 30, '2022-08-15'),
(234, 11, 21, '2022-05-01'),
(235, 11, 22, '2022-04-28'),
(236, 11, 23, '2022-05-15'),
(237, 12, 24, '2022-02-15'),
(238, 12, 25, '2022-01-30'),
(239, 13, 26, '2022-11-30'),
(240, 13, 27, '2022-12-15'),
(241, 11, 21, '2022-05-01'),
(242, 11, 22, '2022-04-28'),
(243, 11, 23, '2022-05-15'),
(244, 12, 24, '2022-02-15'),
(245, 12, 25, '2022-01-30'),
(246, 13, 26, '2022-11-30'),
(247, 13, 27, '2022-12-15'),
(248, 14, 28, '2022-06-30'),
(249, 14, 29, '2022-07-15'),
(250, 14, 30, '2022-08-15'),
(251, 11, 21, '2022-05-01'),
(252, 11, 22, '2022-04-28'),
(253, 11, 23, '2022-05-15'),
(254, 12, 24, '2022-02-15'),
(255, 12, 25, '2022-01-30'),
(256, 13, 26, '2022-11-30'),
(257, 13, 27, '2022-12-15'),
(258, 11, 21, '2022-05-01'),
(259, 11, 22, '2022-04-28'),
(260, 11, 23, '2022-05-15'),
(261, 12, 24, '2022-02-15'),
(262, 12, 25, '2022-01-30'),
(263, 13, 26, '2022-11-30'),
(264, 13, 27, '2022-12-15'),
(265, 14, 28, '2022-06-30'),
(266, 14, 29, '2022-07-15'),
(267, 14, 30, '2022-08-15'),
(268, 11, 21, '2022-05-01'),
(269, 11, 22, '2022-04-28'),
(270, 11, 23, '2022-05-15'),
(271, 12, 24, '2022-02-15'),
(272, 12, 25, '2022-01-30'),
(273, 13, 26, '2022-11-30'),
(274, 13, 27, '2022-12-15'),
(275, 11, 21, '2022-05-01'),
(276, 11, 22, '2022-04-28'),
(277, 11, 23, '2022-05-15'),
(278, 11, 21, '2022-05-01'),
(279, 11, 22, '2022-04-28'),
(280, 11, 23, '2022-05-15'),
(281, 11, 21, '2022-05-01'),
(282, 11, 22, '2022-04-28'),
(283, 11, 23, '2022-05-15'),
(284, 11, 21, '2022-05-01'),
(285, 11, 22, '2022-04-28'),
(286, 11, 23, '2022-05-15'),
(287, 11, 21, '2022-05-01'),
(288, 11, 22, '2022-04-28'),
(289, 11, 23, '2022-05-15'),
(290, 11, 21, '2022-05-01'),
(291, 11, 22, '2022-04-28'),
(292, 11, 23, '2022-05-15'),
(293, 12, 24, '2022-02-15'),
(294, 12, 25, '2022-01-30'),
(295, 13, 26, '2022-11-30'),
(296, 13, 27, '2022-12-15'),
(297, 14, 28, '2022-06-30'),
(298, 14, 29, '2022-07-15'),
(299, 14, 30, '2022-08-15'),
(300, 11, 21, '2022-05-01'),
(301, 11, 22, '2022-04-28'),
(302, 11, 23, '2022-05-15'),
(303, 12, 24, '2022-02-15'),
(304, 12, 25, '2022-01-30'),
(305, 13, 26, '2022-11-30'),
(306, 13, 27, '2022-12-15'),
(307, 14, 28, '2022-06-30'),
(308, 14, 29, '2022-07-15'),
(309, 14, 30, '2022-08-15'),
(310, 11, 21, '2022-05-01'),
(311, 11, 22, '2022-04-28'),
(312, 11, 23, '2022-05-15'),
(313, 12, 24, '2022-02-15'),
(314, 12, 25, '2022-01-30'),
(315, 13, 26, '2022-11-30'),
(316, 13, 27, '2022-12-15'),
(317, 14, 28, '2022-06-30'),
(318, 14, 29, '2022-07-15'),
(319, 14, 30, '2022-08-15'),
(320, 11, 21, '2022-05-01'),
(321, 11, 22, '2022-04-28'),
(322, 11, 23, '2022-05-15'),
(323, 12, 24, '2022-02-15'),
(324, 12, 25, '2022-01-30'),
(325, 13, 26, '2022-11-30'),
(326, 13, 27, '2022-12-15'),
(327, 14, 28, '2022-06-30'),
(328, 14, 29, '2022-07-15'),
(329, 14, 30, '2022-08-15'),
(330, 11, 21, '2022-05-01'),
(331, 11, 22, '2022-04-28'),
(332, 11, 23, '2022-05-15'),
(333, 12, 24, '2022-02-15'),
(334, 12, 25, '2022-01-30'),
(335, 13, 26, '2022-11-30'),
(336, 13, 27, '2022-12-15'),
(337, 14, 28, '2022-06-30'),
(338, 14, 29, '2022-07-15'),
(339, 14, 30, '2022-08-15'),
(340, 11, 21, '2022-05-01'),
(341, 11, 22, '2022-04-28'),
(342, 11, 23, '2022-05-15'),
(343, 12, 24, '2022-02-15'),
(344, 12, 25, '2022-01-30'),
(345, 13, 26, '2022-11-30'),
(346, 13, 27, '2022-12-15'),
(347, 14, 28, '2022-06-30'),
(348, 14, 29, '2022-07-15'),
(349, 14, 30, '2022-08-15'),
(350, 11, 21, '2022-05-01'),
(351, 11, 22, '2022-04-28'),
(352, 11, 23, '2022-05-15'),
(353, 12, 24, '2022-02-15'),
(354, 12, 25, '2022-01-30'),
(355, 13, 26, '2022-11-30'),
(356, 13, 27, '2022-12-15'),
(357, 14, 28, '2022-06-30'),
(358, 14, 29, '2022-07-15'),
(359, 14, 30, '2022-08-15'),
(360, 11, 21, '2022-05-01'),
(361, 11, 22, '2022-04-28'),
(362, 11, 23, '2022-05-15'),
(363, 12, 24, '2022-02-15'),
(364, 12, 25, '2022-01-30'),
(365, 13, 26, '2022-11-30'),
(366, 13, 27, '2022-12-15'),
(367, 14, 28, '2022-06-30'),
(368, 14, 29, '2022-07-15'),
(369, 14, 30, '2022-08-15'),
(370, 11, 21, '2022-05-01'),
(371, 11, 22, '2022-04-28'),
(372, 11, 23, '2022-05-15'),
(373, 12, 24, '2022-02-15'),
(374, 12, 25, '2022-01-30'),
(375, 13, 26, '2022-11-30'),
(376, 13, 27, '2022-12-15'),
(377, 14, 28, '2022-06-30'),
(378, 14, 29, '2022-07-15'),
(379, 14, 30, '2022-08-15'),
(380, 11, 21, '2022-05-01'),
(381, 11, 22, '2022-04-28'),
(382, 11, 23, '2022-05-15'),
(383, 12, 24, '2022-02-15'),
(384, 12, 25, '2022-01-30'),
(385, 13, 26, '2022-11-30'),
(386, 13, 27, '2022-12-15'),
(387, 14, 28, '2022-06-30'),
(388, 14, 29, '2022-07-15'),
(389, 14, 30, '2022-08-15'),
(390, 11, 21, '2022-05-01'),
(391, 11, 22, '2022-04-28'),
(392, 11, 23, '2022-05-15'),
(393, 12, 24, '2022-02-15'),
(394, 12, 25, '2022-01-30'),
(395, 13, 26, '2022-11-30'),
(396, 13, 27, '2022-12-15'),
(397, 14, 28, '2022-06-30'),
(398, 14, 29, '2022-07-15'),
(399, 14, 30, '2022-08-15'),
(400, 11, 21, '2022-05-01'),
(401, 11, 22, '2022-04-28'),
(402, 11, 23, '2022-05-15'),
(403, 5, 1, '2023-05-19');

-- --------------------------------------------------------

--
-- Table structure for table `coupon_list`
--

CREATE TABLE `coupon_list` (
  `coupon_id` int(10) NOT NULL,
  `coupon_name` varchar(30) DEFAULT NULL,
  `shop_id` int(11) NOT NULL,
  `coupon_expire` date DEFAULT NULL,
  `coupon_code` varchar(30) DEFAULT NULL,
  `coupon_text` varchar(100) DEFAULT NULL,
  `menu_type` varchar(30) DEFAULT NULL
) ENGINE=InnoDB DEFAULT CHARSET=utf8;

--
-- Dumping data for table `coupon_list`
--

INSERT INTO `coupon_list` (`coupon_id`, `coupon_name`, `shop_id`, `coupon_expire`, `coupon_code`, `coupon_text`, `menu_type`) VALUES
(1, '寒山居蔬食(優惠券)', 1, '2023-05-31', '不能蔬', '滿千元送高麗菜!!', ''),
(2, '喫茶小舖(永興店)(優惠券)', 3, '2023-05-30', '喫起來', '活動期間冰塊加量80%!!', ''),
(3, '好吃河粉(優惠券)', 5, '2023-05-29', '河好吃', '吃河粉送柬埔寨KK園區觀光機票!!', ''),
(4, '五銅號WooTEA台中大智店(優惠券)', 7, '2023-05-28', '五銅號', '茶葉加價不加量!!', ''),
(5, '添好運(台中勤美店)(優惠券)', 14, '2023-05-27', '添好運', '滿千元就送好運空氣瓶!!', ''),
(6, 'NENE CHICKEN 中山醫大店(優惠券)', 62, '2023-05-26', 'NENE', 'NENE炸雞優惠!!', ''),
(7, '閣樓1981韓式炸雞(優惠券)', 63, '2023-05-25', '閣樓炸雞', '閣樓1981韓式炸雞優惠!!', ''),
(11, '添好運 (台中勤美店)', 14, '2022-05-31', '媽媽愛吃添好運', '招牌必點買一送一', '招牌必點'),
(12, '添好運 (台中勤美店)', 14, '2023-03-15', '新年來添好運', '主餐全面8折', '主食'),
(13, '添好運 (台中勤美店)', 14, '2022-12-30', '添好運賜暖冬', '買千送任一湯品', '湯品'),
(14, '添好運 (台中勤美店)', 14, '2022-08-30', '炎炎添好運', '飲品折5元', '特色飲品'),
(15, '添好運 (台中勤美店)', 14, '2023-05-31', '媽媽愛吃添好運', '招牌必點買一送一', '招牌必點');

-- --------------------------------------------------------

--
-- Table structure for table `history_text`
--

CREATE TABLE `history_text` (
  `histoy_id` int(11) NOT NULL,
  `user_id` int(11) NOT NULL,
  `created_at` timestamp NOT NULL DEFAULT CURRENT_TIMESTAMP,
  `history_text` varchar(30) DEFAULT NULL
) ENGINE=InnoDB DEFAULT CHARSET=utf8;

--
-- Dumping data for table `history_text`
--

INSERT INTO `history_text` (`histoy_id`, `user_id`, `created_at`, `history_text`) VALUES
(1, 1, '2023-05-11 13:19:01', '很可惜!! 再接再厲!!'),
(2, 1, '2023-05-11 13:20:41', '很可惜!! 再接再厲!!'),
(3, 1, '2023-05-11 13:20:48', '很可惜!! 再接再厲!!'),
(4, 1, '2023-05-11 13:20:51', '很可惜!! 再接再厲!!'),
(5, 1, '2023-05-11 13:20:58', '很可惜!! 再接再厲!!'),
(6, 1, '2023-05-11 13:21:01', '恭喜獲得添好運優惠券!!'),
(7, 1, '2023-05-11 13:21:09', '很可惜!! 再接再厲!!'),
(8, 1, '2023-05-11 13:24:06', '很可惜!! 再接再厲!!'),
(9, 1, '2023-05-11 13:24:13', '很可惜!! 再接再厲!!'),
(10, 1, '2023-05-11 13:24:17', '很可惜!! 再接再厲!!'),
(11, 1, '2023-05-11 13:24:25', '很可惜!! 再接再厲!!'),
(12, 1, '2023-05-11 13:24:28', '恭喜獲得NENE CHICKEN優惠券!!'),
(13, 1, '2023-05-11 13:53:35', '很可惜!! 再接再厲!!'),
(14, 1, '2023-05-12 01:08:22', '恭喜獲得NENE CHICKEN優惠券!!'),
(15, 1, '2023-05-12 01:09:59', '很可惜!! 再接再厲!!'),
(16, 1, '2023-05-12 01:10:12', '恭喜獲得NENE CHICKEN優惠券!!'),
(17, 1, '2023-05-12 01:10:22', '很可惜!! 再接再厲!!'),
(18, 1, '2023-05-12 01:10:34', '很可惜!! 再接再厲!!'),
(19, 1, '2023-05-12 01:10:49', '恭喜獲得NENE CHICKEN優惠券!!'),
(20, 1, '2023-05-12 02:31:30', '很可惜!! 再接再厲!!'),
(21, 1, '2023-05-12 02:31:37', '恭喜獲得添好運優惠券!!'),
(22, 1, '2023-05-12 02:32:57', '恭喜獲得NENE CHICKEN優惠券!!'),
(23, 1, '2023-05-12 02:33:04', '很可惜!! 再接再厲!!'),
(24, 1, '2023-05-12 02:33:12', '很可惜!! 再接再厲!!'),
(25, 1, '2023-05-12 02:33:19', '很可惜!! 再接再厲!!'),
(26, 1, '2023-05-12 02:33:24', '很可惜!! 再接再厲!!'),
(27, 1, '2023-05-12 02:33:30', '恭喜獲得添好運優惠券!!'),
(28, 1, '2023-05-12 02:37:20', '恭喜獲得添好運優惠券!!'),
(29, 1, '2023-05-12 02:37:30', '恭喜獲得添好運優惠券!!'),
(30, 1, '2023-05-12 03:09:42', '很可惜!! 再接再厲!!'),
(31, 1, '2023-05-12 03:09:49', '很可惜!! 再接再厲!!'),
(32, 1, '2023-05-12 03:09:58', '恭喜獲得NENE CHICKEN優惠券!!'),
(33, 1, '2023-05-12 03:20:05', '很可惜!! 再接再厲!!'),
(34, 1, '2023-05-12 03:20:12', '很可惜!! 再接再厲!!'),
(35, 1, '2023-05-12 03:20:17', '很可惜!! 再接再厲!!'),
(36, 1, '2023-05-12 03:20:23', '很可惜!! 再接再厲!!'),
(37, 1, '2023-05-12 03:20:31', '很可惜!! 再接再厲!!'),
(38, 1, '2023-05-12 03:20:38', '恭喜獲得添好運優惠券!!'),
(39, 1, '2023-05-12 03:21:30', '恭喜獲得NENE CHICKEN優惠券!!'),
(40, 1, '2023-05-12 03:23:14', '很可惜!! 再接再厲!!'),
(41, 1, '2023-05-12 03:23:19', '很可惜!! 再接再厲!!'),
(42, 1, '2023-05-12 03:23:26', '很可惜!! 再接再厲!!'),
(43, 1, '2023-05-12 03:23:32', '很可惜!! 再接再厲!!'),
(44, 1, '2023-05-12 03:23:44', '很可惜!! 再接再厲!!'),
(45, 1, '2023-05-12 03:23:50', '恭喜獲得添好運優惠券!!'),
(46, 1, '2023-05-14 02:23:55', '很可惜!! 再接再厲!!'),
(47, 1, '2023-05-14 02:29:33', '恭喜獲得NENE CHICKEN優惠券!!'),
(48, 1, '2023-05-14 05:24:25', '恭喜獲得NENE CHICKEN優惠券!!'),
(49, 1, '2023-05-14 05:41:02', '很可惜!! 再接再厲!!'),
(50, 1, '2023-05-14 05:41:08', '很可惜!! 再接再厲!!'),
(51, 1, '2023-05-14 05:41:13', '很可惜!! 再接再厲!!'),
(52, 1, '2023-05-14 05:41:21', '恭喜獲得NENE CHICKEN優惠券!!'),
(53, 1, '2023-05-14 09:32:44', '恭喜獲得NENE CHICKEN優惠券!!'),
(54, 1, '2023-05-14 12:58:53', '恭喜獲得NENE CHICKEN優惠券!!'),
(55, 1, '2023-05-14 13:00:31', '恭喜獲得添好運優惠券!!'),
(56, 1, '2023-05-14 13:28:50', '恭喜獲得添好運優惠券!!'),
(57, 1, '2023-05-14 13:29:06', '恭喜獲得NENE CHICKEN優惠券!!'),
(58, 1, '2023-05-14 13:33:04', '很可惜!! 再接再厲!!'),
(59, 1, '2023-05-14 13:41:16', '很可惜!! 再接再厲!!'),
(60, 1, '2023-05-14 14:43:01', '恭喜獲得添好運優惠券!!'),
(61, 1, '2023-05-14 14:54:32', '很可惜!! 再接再厲!!'),
(62, 1, '2023-05-14 14:55:50', '很可惜!! 再接再厲!!'),
(63, 1, '2023-05-14 15:28:04', '很可惜!! 再接再厲!!'),
(64, 1, '2023-05-14 15:30:24', '很可惜!! 再接再厲!!'),
(65, 1, '2023-05-14 15:31:01', '很可惜!! 再接再厲!!'),
(66, 1, '2023-05-14 15:35:31', '很可惜!! 再接再厲!!'),
(67, 1, '2023-05-14 15:55:43', '很可惜!! 再接再厲!!'),
(68, 1, '2023-05-14 16:17:52', '恭喜獲得NENE CHICKEN優惠券!!'),
(69, 1, '2023-05-15 06:20:26', '恭喜獲得添好運優惠券!!'),
(70, 1, '2023-05-15 08:24:00', '很可惜!! 再接再厲!!'),
(71, 1, '2023-05-19 03:51:26', '恭喜獲得添好運優惠券!!');

-- --------------------------------------------------------

--
-- Table structure for table `location`
--

CREATE TABLE `location` (
  `location_id` tinyint(4) NOT NULL,
  `location_name` varchar(3) NOT NULL
) ENGINE=InnoDB DEFAULT CHARSET=utf8;

--
-- Dumping data for table `location`
--

INSERT INTO `location` (`location_id`, `location_name`) VALUES
(5, '中區'),
(4, '北區'),
(8, '北屯區'),
(3, '南區'),
(7, '南屯區'),
(15, '后里區'),
(29, '和平區'),
(21, '外埔區'),
(22, '大安區'),
(11, '大甲區'),
(24, '大肚區'),
(28, '大里區'),
(18, '大雅區'),
(27, '太平區'),
(19, '新社區'),
(10, '東勢區'),
(1, '東區'),
(14, '梧棲區'),
(13, '沙鹿區'),
(12, '清水區'),
(17, '潭子區'),
(23, '烏日區'),
(20, '石岡區'),
(16, '神岡區'),
(2, '西區'),
(6, '西屯區'),
(9, '豐原區'),
(26, '霧峰區'),
(25, '龍井區');

-- --------------------------------------------------------

--
-- Table structure for table `menu`
--

CREATE TABLE `menu` (
  `shop_id` int(11) NOT NULL,
  `menu_id` int(11) NOT NULL,
  `menu_name` varchar(15) NOT NULL,
  `menu_price` smallint(6) NOT NULL,
  `menu_uber` smallint(6) DEFAULT NULL,
  `menu_panda` smallint(6) DEFAULT NULL,
  `menu_picture` varchar(50) DEFAULT NULL,
  `menu_type` varchar(10) DEFAULT NULL,
  `created_at` timestamp NOT NULL DEFAULT CURRENT_TIMESTAMP
) ENGINE=InnoDB DEFAULT CHARSET=utf8;

--
-- Dumping data for table `menu`
--

INSERT INTO `menu` (`shop_id`, `menu_id`, `menu_name`, `menu_price`, `menu_uber`, `menu_panda`, `menu_picture`, `menu_type`, `created_at`) VALUES
(14, 1, '酥皮焗叉燒包', 148, NULL, 200, '../upload/shop_id_14/menu_img/tim_00.png', '招牌必點', '2023-05-19 03:56:01'),
(14, 2, '添好運流沙包', 148, NULL, 148, '../upload/shop_id_14/menu_img/tim_01.png', '招牌必點', '2023-05-02 11:00:00'),
(14, 3, '好運冰火菠蘿', 118, NULL, 118, '../upload/shop_id_14/menu_img/tim_02.png', '招牌必點', '2023-05-02 11:00:00'),
(14, 4, '添好運一口蛋撻', 66, NULL, 98, '../upload/shop_id_14/menu_img/tim_03.png', '招牌必點', '2023-05-02 11:00:00'),
(14, 5, '港式牛肉麵', 208, NULL, 208, '../upload/shop_id_14/menu_img/tim_04.png', '主食', '2023-05-02 11:00:00'),
(14, 6, '港式牛肉撈麵', 208, NULL, 208, '../upload/shop_id_14/menu_img/tim_05.png', '主食', '2023-05-02 11:00:00'),
(14, 7, 'XO醬臘味炒飯', 168, NULL, 168, '../upload/shop_id_14/menu_img/tim_06.png', '主食', '2023-05-02 11:00:00'),
(14, 8, '干貝絲炒麵', 168, NULL, 168, '../upload/shop_id_14/menu_img/tim_07.png', '主食', '2023-05-02 11:00:00'),
(14, 9, '古法糯米雞', 168, NULL, 168, '../upload/shop_id_14/menu_img/tim_08.png', '主食', '2023-05-02 11:00:00'),
(14, 10, '金銀蛋瘦肉粥', 118, NULL, 118, '../upload/shop_id_14/menu_img/tim_09.png', '主食', '2023-05-02 11:00:00'),
(14, 11, '臘腸北菇雞飯', 148, NULL, 148, '../upload/shop_id_14/menu_img/tim_10.png', '主食', '2023-05-02 11:00:00'),
(14, 12, '晶瑩鮮蝦餃', 148, NULL, 148, '../upload/shop_id_14/menu_img/tim_11.png', '蒸點', '2023-05-02 11:00:00'),
(14, 13, '鮮蝦燒賣皇', 148, NULL, 148, '../upload/shop_id_14/menu_img/tim_12.png', '蒸點', '2023-05-02 11:00:00'),
(14, 14, '鮑汁燜鳳爪', 148, NULL, 148, '../upload/shop_id_14/menu_img/tim_13.png', '蒸點', '2023-05-02 11:00:00'),
(14, 15, '鮮蝦菠菜餃', 128, NULL, 138, '../upload/shop_id_14/menu_img/tim_14.png', '蒸點', '2023-05-02 11:00:00'),
(14, 16, '豉汁蒸肉排', 128, NULL, 128, '../upload/shop_id_14/menu_img/tim_15.png', '蒸點', '2023-05-02 11:00:00'),
(14, 17, '山竹牛肉球', 118, NULL, 128, '../upload/shop_id_14/menu_img/tim_16.png', '蒸點', '2023-05-02 11:00:00'),
(14, 18, '香蒸芋頭糕', 128, NULL, 128, '../upload/shop_id_14/menu_img/tim_17.png', '蒸點', '2023-05-02 11:00:00'),
(14, 19, '美味燜鮮竹卷', 128, NULL, 128, '../upload/shop_id_14/menu_img/tim_18.png', '蒸點', '2023-05-02 11:00:00'),
(14, 20, '鮮蝦腐皮卷', 148, NULL, 148, '../upload/shop_id_14/menu_img/tim_19.png', '煎/炸點', '2023-05-02 11:00:00'),
(14, 21, '香煎蘿蔔糕', 118, NULL, 128, '../upload/shop_id_14/menu_img/tim_20.png', '煎/炸點', '2023-05-02 11:00:00'),
(14, 22, '賽螃蟹春卷', 128, NULL, 128, '../upload/shop_id_14/menu_img/tim_21.png', '煎/炸點', '2023-05-02 11:00:00'),
(14, 23, '香鬆炸豆腐', 108, NULL, 118, '../upload/shop_id_14/menu_img/tim_22.png', '煎/炸點', '2023-05-02 11:00:00'),
(14, 24, '韮王鮮蝦腸', 148, NULL, 148, '../upload/shop_id_14/menu_img/tim_23.png', '腸粉', '2023-05-02 11:00:00'),
(14, 25, '葱花雪蛋腸粉', 128, NULL, 128, '../upload/shop_id_14/menu_img/tim_24.png', '腸粉', '2023-05-02 11:00:00'),
(14, 26, '香滑牛肉腸', 128, NULL, 128, '../upload/shop_id_14/menu_img/tim_25.png', '腸粉', '2023-05-02 11:00:00'),
(14, 27, '蜜味叉燒腸', 148, NULL, 148, '../upload/shop_id_14/menu_img/tim_26.png', '腸粉', '2023-05-02 11:00:00'),
(14, 28, '有機季節時蔬', 148, NULL, 148, '../upload/shop_id_14/menu_img/tim_27.png', '時蔬', '2023-05-02 11:00:00'),
(14, 29, '金絲高麗菜', 118, NULL, 118, '../upload/shop_id_14/menu_img/tim_28.png', '時蔬', '2023-05-02 11:00:00'),
(14, 30, '蟲草猴頭菇燉湯', 148, NULL, 148, '../upload/shop_id_14/menu_img/tim_29.png', '湯品', '2023-05-02 11:00:00'),
(14, 31, '白胡椒肚片湯', 148, NULL, 148, '../upload/shop_id_14/menu_img/tim_30.png', '湯品', '2023-05-02 11:00:00'),
(14, 32, '楊枝甘露', 148, NULL, 148, '../upload/shop_id_14/menu_img/tim_31.png', '甜品', '2023-05-02 11:00:00'),
(14, 33, '小心流沙煎堆', 118, NULL, 118, '../upload/shop_id_14/menu_img/tim_32.png', '甜品', '2023-05-02 11:00:00'),
(14, 34, '紫米薏仁椰奶', 118, NULL, 118, '../upload/shop_id_14/menu_img/tim_33.png', '甜品', '2023-05-02 11:00:00'),
(14, 35, '芋頭西米露(熱)', 118, NULL, 118, '../upload/shop_id_14/menu_img/tim_34.png', '甜品', '2023-05-02 11:00:00'),
(14, 36, '好運馬來糕', 128, NULL, 138, '../upload/shop_id_14/menu_img/tim_35.png', '甜品', '2023-05-02 11:00:00'),
(14, 37, '波霸港式奶茶', 118, NULL, 118, '../upload/shop_id_14/menu_img/tim_36.png', '特色飲品', '2023-05-02 11:00:00'),
(14, 38, '港式奶茶', 98, NULL, 98, '../upload/shop_id_14/menu_img/tim_37.png', '特色飲品', '2023-05-02 11:00:00'),
(14, 39, '招牌凍檸茶', 98, NULL, 98, '../upload/shop_id_14/menu_img/tim_38.png', '特色飲品', '2023-05-02 11:00:00'),
(14, 40, '鴛鴦奶茶', 98, NULL, 98, '../upload/shop_id_14/menu_img/tim_39.png', '特色飲品', '2023-05-02 11:00:00'),
(14, 41, '波霸鴛鴦奶茶', 118, NULL, 118, '../upload/shop_id_14/menu_img/tim_40.png', '特色飲品', '2023-05-02 11:00:00'),
(14, 42, '凍鹹檸蘇打', 118, NULL, 118, '../upload/shop_id_14/menu_img/tim_41.png', '特色飲品', '2023-05-02 11:00:00'),
(14, 43, '薏米水', 68, NULL, 68, '../upload/shop_id_14/menu_img/tim_42.png', '特色飲品', '2023-05-02 11:00:00'),
(62, 1, '甜辣洋釀炸雞', 379, 479, NULL, '../upload/shop_id_62/menu_img/ne_05.png', '炸雞', '2023-05-02 11:00:00'),
(62, 2, 'NENE 原味炸雞', 309, 409, NULL, '../upload/shop_id_62/menu_img/ne_04.png', '炸雞', '2023-05-02 11:00:00'),
(62, 3, '蜂蜜蒜脆薯炸雞', 409, 509, NULL, '../upload/shop_id_62/menu_img/ne_03.png', '炸雞', '2023-05-02 11:00:00'),
(62, 4, '初雪起士炸雞', 379, 479, NULL, '../upload/shop_id_62/menu_img/ne_06.png', '炸雞', '2023-05-02 11:00:00'),
(62, 5, '神奇辣起士炸雞', 379, 479, NULL, '../upload/shop_id_62/menu_img/ne_07.png', '炸雞', '2023-05-02 11:00:00'),
(62, 6, '奶油優格炸雞', 409, 509, NULL, '../upload/shop_id_62/menu_img/ne_08.png', '炸雞', '2023-05-02 11:00:00'),
(62, 7, '辣炒年糕風味炸雞', 379, 479, NULL, '../upload/shop_id_62/menu_img/ne_09.png', '炸雞', '2023-05-02 11:00:00'),
(62, 8, '青陽美乃滋炸雞', 409, 509, NULL, '../upload/shop_id_62/menu_img/ne_02.png', '炸雞', '2023-05-02 11:00:00'),
(62, 9, '甜辣洋釀無骨炸雞', 379, 479, NULL, '../upload/shop_id_62/menu_img/ne_05.png', '無骨炸雞', '2023-05-02 11:00:00'),
(62, 10, '初雪起士無骨炸雞', 379, 479, NULL, '../upload/shop_id_62/menu_img/ne_06.png', '無骨炸雞', '2023-05-02 11:00:00'),
(62, 11, '青陽美乃滋無骨炸雞', 409, 509, NULL, '../upload/shop_id_62/menu_img/ne_02.png', '無骨炸雞', '2023-05-02 11:00:00'),
(62, 12, 'NENE 原味無骨炸雞', 309, 409, NULL, '../upload/shop_id_62/menu_img/ne_04.png', '無骨炸雞', '2023-05-02 11:00:00'),
(62, 13, '奶油優格無骨炸雞', 409, 509, NULL, '../upload/shop_id_62/menu_img/ne_08.png', '無骨炸雞', '2023-05-02 11:00:00'),
(62, 14, '神奇辣起士無骨炸雞', 379, 479, NULL, '../upload/shop_id_62/menu_img/ne_07.png', '無骨炸雞', '2023-05-02 11:00:00'),
(62, 15, '辣炒年糕風味無骨炸雞', 379, 479, NULL, '../upload/shop_id_62/menu_img/ne_09.png', '無骨炸雞', '2023-05-02 11:00:00'),
(62, 16, '半半半口味炸雞', 910, NULL, NULL, '../upload/shop_id_62/menu_img/ne_12.png', '炸雞(多口味)', '2023-05-02 11:00:00'),
(62, 17, '半半口味炸雞', 579, NULL, NULL, '../upload/shop_id_62/menu_img/ne_11.png', '炸雞(多口味)', '2023-05-02 11:00:00'),
(62, 18, 'NeNe洋蔥圈', 89, NULL, NULL, '../upload/shop_id_62/menu_img/ne_17.png', '韓國小食', '2023-05-02 11:00:00'),
(62, 19, '辣起士薯條', 80, NULL, NULL, '../upload/shop_id_62/menu_img/ne_19.png', '韓國小食', '2023-05-02 11:00:00'),
(62, 20, '初雪薯條', 80, NULL, NULL, '../upload/shop_id_62/menu_img/ne_20.png', '韓國小食', '2023-05-02 11:00:00'),
(62, 21, '韓式拳頭飯', 90, NULL, NULL, '../upload/shop_id_62/menu_img/ne_18.png', '韓國小食', '2023-05-02 11:00:00'),
(62, 22, '韓式黑糖煎餅', 35, NULL, NULL, '../upload/shop_id_62/menu_img/ne_21.png', '韓國小食', '2023-05-02 11:00:00'),
(62, 23, 'NeNe辣炒年糕', 99, NULL, NULL, '../upload/shop_id_62/menu_img/ne_23.png', '韓國小食', '2023-05-02 11:00:00'),
(62, 24, 'NENE QQ球', 79, NULL, NULL, '../upload/shop_id_62/menu_img/ne_24.png', '韓國小食', '2023-05-02 11:00:00'),
(62, 25, 'NENE POP', 99, NULL, NULL, '../upload/shop_id_62/menu_img/ne_22.png', '韓國小食', '2023-05-02 11:00:00'),
(93, 1, '酸白菜鍋', 185, 220, NULL, '../upload/shop_id_93/menu_img/mini_01.png', '美味鍋物', '2023-05-02 11:00:00'),
(93, 2, '泰式酸辣鍋', 200, 230, NULL, '../upload/shop_id_93/menu_img/mini_02.png', '美味鍋物', '2023-05-02 11:00:00'),
(93, 3, '經典原味鍋', 140, 175, NULL, '../upload/shop_id_93/menu_img/mini_03.png', '美味鍋物', '2023-05-02 11:00:00'),
(93, 4, '功夫沙茶鍋', 160, 185, NULL, '../upload/shop_id_93/menu_img/mini_04.png', '美味鍋物', '2023-05-02 11:00:00'),
(93, 5, '大漠孜然鍋', 160, 190, NULL, '../upload/shop_id_93/menu_img/mini_05.png', '美味鍋物', '2023-05-02 11:00:00'),
(93, 6, '起司奶奶鍋', 180, 205, NULL, '../upload/shop_id_93/menu_img/mini_06.png', '美味鍋物', '2023-05-02 11:00:00'),
(93, 7, '小紅番茄鍋', 160, 190, NULL, '../upload/shop_id_93/menu_img/mini_07.png', '美味鍋物', '2023-05-02 11:00:00'),
(93, 8, '銷魂香辣鍋', 190, 220, NULL, '../upload/shop_id_93/menu_img/mini_08.png', '美味鍋物', '2023-05-02 11:00:00'),
(93, 9, '剝皮辣椒鍋', 175, 210, NULL, '../upload/shop_id_93/menu_img/mini_09.png', '美味鍋物', '2023-05-02 11:00:00'),
(93, 10, '鮮菇蔬食鍋', 155, 180, NULL, '../upload/shop_id_93/menu_img/mini_10.png', '美味鍋物', '2023-05-02 11:00:00'),
(93, 11, '阿甘紅茶', 20, 25, NULL, '../upload/shop_id_93/menu_img/mini_11.png', '飲料', '2023-05-02 11:00:00'),
(93, 12, '金閃楊桃冰沙', 39, 49, NULL, '../upload/shop_id_93/menu_img/mini_12.png', '飲料', '2023-05-02 11:00:00'),
(93, 13, '一口酥油條', 19, 29, NULL, '../upload/shop_id_93/menu_img/mini_13.png', '單點', '2023-05-02 11:00:00'),
(93, 14, '白飯', 15, 25, NULL, '../upload/shop_id_93/menu_img/mini_14.png', '副食', '2023-05-02 11:00:00'),
(93, 15, '銷魂滷肉飯', 30, 40, NULL, '../upload/shop_id_93/menu_img/mini_15.png', '副食', '2023-05-02 11:00:00'),
(93, 16, '韓國泡麵', 35, 45, NULL, '../upload/shop_id_93/menu_img/mini_16.png', '副食', '2023-05-02 11:00:00'),
(93, 17, '滷香烏龍麵', 35, 50, NULL, '../upload/shop_id_93/menu_img/mini_17.png', '副食', '2023-05-02 11:00:00'),
(93, 18, '沙茶醬料包', 10, 10, NULL, '../upload/shop_id_93/menu_img/mini_18.png', '單點', '2023-05-02 11:00:00'),
(93, 19, 'MINI麻辣滷味', 49, 59, NULL, '../upload/shop_id_93/menu_img/mini_19.png', '單點', '2023-05-02 11:00:00');

-- --------------------------------------------------------

--
-- Table structure for table `potential_shop`
--

CREATE TABLE `potential_shop` (
  `p_shop_id` int(11) NOT NULL,
  `p_shop_tax_id` varchar(8) NOT NULL,
  `p_shop_name` varchar(30) NOT NULL,
  `location_id` tinyint(4) NOT NULL,
  `p_shop_address` varchar(30) NOT NULL,
  `p_shop_phone` varchar(15) NOT NULL,
  `p_shop_email` varchar(50) NOT NULL,
  `p_shop_pw` varchar(100) NOT NULL,
  `created_at` timestamp NOT NULL DEFAULT CURRENT_TIMESTAMP
) ENGINE=InnoDB DEFAULT CHARSET=utf8;

-- --------------------------------------------------------

--
-- Table structure for table `season`
--

CREATE TABLE `season` (
  `season_id` int(11) NOT NULL,
  `season_topic` varchar(20) NOT NULL,
  `season_content` varchar(100) NOT NULL,
  `season_background_img_1` varchar(60) NOT NULL,
  `season_background_img_2` varchar(60) DEFAULT NULL,
  `season_background_img_3` varchar(60) DEFAULT NULL
) ENGINE=InnoDB DEFAULT CHARSET=utf8;

--
-- Dumping data for table `season`
--

INSERT INTO `season` (`season_id`, `season_topic`, `season_content`, `season_background_img_1`, `season_background_img_2`, `season_background_img_3`) VALUES
(1, '異國風味，讓您的味蕾環遊世界!', '您可以嘗試到來自世界各地的美食，每一種料理都有獨特的風味和故事。我們精心挑選的餐廳和食材，讓你感受到真正的異國風情，帶給你味蕾和心靈的雙重享受，探索你從未體驗過的美食文化！', '../upload/season_id_1/seasonExotic_1.jpeg', '../upload/season_id_1/seasonExotic_2.jpeg', '../upload/season_id_1/seasonExotic_3.jpeg'),
(2, '한식향韓式料理', '提供多家正宗韓式料理餐廳，品嚐炸雞、泡菜燉飯、石鍋拌飯等道道美食，讓您的味蕾盡享滋味。韓式料理以多種調味料烹調，風味獨特，讓您不僅享受美味佳餚，更能感受韓式文化的魅力。快來品嚐正宗韓式料理吧！', '../upload/season_id_2/seasonKorea_1.jpeg', '../upload/season_id_2/seasonKorea_2.jpeg', '../upload/season_id_2/seasonKorea_3.jpeg'),
(3, '鍋鍋暖胃暖心', '選用新鮮食材，搭配多樣湯底，香氣四溢，讓你一口接一口欲罷不能。不僅暖身，更能喚起你的味蕾，品嚐不同的滋味，享受舌尖上的美食盛宴。與摯友、親人一起共享，溫馨又愉快的用餐體驗，絕對讓你回味無窮！', '../upload/season_id_3/seasonHotpot_1.jpeg', '../upload/season_id_3/seasonHotpot_2.jpeg', '../upload/season_id_3/seasonHotpot_3.jpeg');

-- --------------------------------------------------------

--
-- Table structure for table `season_shop_list`
--

CREATE TABLE `season_shop_list` (
  `shop_id` int(11) NOT NULL,
  `season_id` int(11) NOT NULL
) ENGINE=InnoDB DEFAULT CHARSET=utf8;

--
-- Dumping data for table `season_shop_list`
--

INSERT INTO `season_shop_list` (`shop_id`, `season_id`) VALUES
(14, 1),
(34, 1),
(40, 1),
(62, 2),
(68, 2),
(70, 2),
(71, 3),
(74, 3),
(93, 3);

-- --------------------------------------------------------

--
-- Table structure for table `shop`
--

CREATE TABLE `shop` (
  `shop_id` int(11) NOT NULL,
  `shop_tax_id` varchar(8) NOT NULL,
  `shop_name` varchar(30) NOT NULL,
  `location_id` tinyint(4) NOT NULL,
  `shop_address` varchar(30) NOT NULL,
  `shop_phone` varchar(15) NOT NULL,
  `shop_email` varchar(50) NOT NULL,
  `shop_start_1` varchar(5) NOT NULL,
  `shop_end_1` varchar(5) NOT NULL,
  `shop_start_2` varchar(5) DEFAULT NULL,
  `shop_end_2` varchar(5) DEFAULT NULL,
  `shop_break` set('1','2','3','4','5','6','7') DEFAULT NULL,
  `class_id` tinyint(3) UNSIGNED NOT NULL DEFAULT '1',
  `shop_uber` varchar(1000) DEFAULT NULL,
  `shop_panda` varchar(1000) DEFAULT NULL,
  `shop_parking` tinyint(1) DEFAULT '0',
  `shop_child` tinyint(1) DEFAULT '0',
  `shop_pet` tinyint(1) DEFAULT '0',
  `shop_credit_card` tinyint(1) DEFAULT '0',
  `shop_linepay` tinyint(1) DEFAULT '0',
  `shop_jkopay` tinyint(1) DEFAULT '0',
  `shop_logo_img` varchar(50) DEFAULT NULL,
  `shop_index_img` varchar(50) DEFAULT NULL,
  `shop_preview_img` varchar(60) DEFAULT NULL,
  `shop_pw` varchar(100) NOT NULL,
  `shop_map_api` varchar(350) DEFAULT NULL,
  `created_at` timestamp NOT NULL DEFAULT CURRENT_TIMESTAMP ON UPDATE CURRENT_TIMESTAMP
) ENGINE=InnoDB DEFAULT CHARSET=utf8;

--
-- Dumping data for table `shop`
--

INSERT INTO `shop` (`shop_id`, `shop_tax_id`, `shop_name`, `location_id`, `shop_address`, `shop_phone`, `shop_email`, `shop_start_1`, `shop_end_1`, `shop_start_2`, `shop_end_2`, `shop_break`, `class_id`, `shop_uber`, `shop_panda`, `shop_parking`, `shop_child`, `shop_pet`, `shop_credit_card`, `shop_linepay`, `shop_jkopay`, `shop_logo_img`, `shop_index_img`, `shop_preview_img`, `shop_pw`, `shop_map_api`, `created_at`) VALUES
(1, '87291928', '寒山居蔬食', 4, '404台中市北區永興街88號', '0917-622-080', 'service1@service.com.tw', '11:00', '13:30', '16:30', '20:30', '6,7', 3, 'https://www.ubereats.com/tw/store/%E5%AF%92%E5%B1%B1%E5%B1%85%E8%94%AC%E9%A3%9F-%E7%B8%BD%E5%BA%97/_uCl1EspQF6KwzmD1Q_dYQ?diningMode=DELIVERY&pl=JTdCJTIyYWRkcmVzcyUyMiUzQSUyMiVFOCU4NyVCQSVFNCVCOCVBRCVFNSU4NSVBQyVFNSU5QyU5MiUyMiUyQyUyMnJlZmVyZW5jZSUyMiUzQSUyMkNoSUo1U1FXbTJzOWFUUVJPOUNSeVBCWFRoQSUyMiUyQyUyMnJlZmVyZW5jZVR5cGUlMjIlM0ElMjJnb29nbGVfcGxhY2VzJTIyJTJDJTIybGF0aXR1ZGUlMjIlM0EyNC4xNDQ4MTg1JTJDJTIybG9uZ2l0dWRlJTIyJTNBMTIwLjY4NDQ3NjIlN0Q%3D&ps=1', NULL, 0, 0, 0, 0, 0, 0, '../upload/shop_id_1/info_img/logo-01.jpg', NULL, '../upload/shop_id_1/info_img/preview-01.jpg', 'mosamosa', NULL, '2023-05-08 02:50:00'),
(2, '87291929', '不要對我尖叫-一中旗艦店', 4, '台中市北區一中街175號', '04-2225-6849', 'service2@service.com.tw', '11:00', '22:30', NULL, NULL, NULL, 12, NULL, 'https://www.foodpanda.com.tw/restaurant/y8ix/bu-yao-dui-wo-jian-jiao-tai-zhong-zhong-dian?utm_source=google&utm_medium=organic&utm_campaign=google_reserve_place_order_action', 0, 0, 0, 0, 1, 1, '../upload/shop_id_2/info_img/logo-02.jpg', NULL, '../upload/shop_id_2/info_img/preview-02.jpg', 'mosamosa', NULL, '2023-05-08 02:50:00'),
(3, '87291930', '喫茶小鋪(永興店)', 4, '台中市北區永興街107號', '04-2238-5533', 'service3@service.com.tw', '10:00', '23:00', NULL, NULL, NULL, 12, NULL, 'https://www.foodpanda.com.tw/restaurant/b7mu/chi-cha-xiao-pu-tai-zhong-yong-xing-dian?utm_source=google&utm_medium=organic&utm_campaign=google_reserve_place_order_action', 0, 0, 0, 0, 1, 1, '../upload/shop_id_3/info_img/logo-03.jpg', NULL, '../upload/shop_id_3/info_img/preview-03.jpg', 'mosamosa', NULL, '2023-05-08 02:50:00'),
(4, '87291931', '偈亭-泡菜鍋【雙十總店】', 4, '台中市北區雙十路一段117號', '04-2226-5252', 'service4@service.com.tw', '11:30', '22:00', NULL, NULL, NULL, 11, 'https://www.ubereats.com/tw/store/%E5%81%88%E4%BA%AD%E6%B3%A1%E8%8F%9C%E9%8D%8B-%E9%9B%99%E5%8D%81%E7%B8%BD%E5%BA%97/ts_wC8W6SVaoSyjYrH8K_A?diningMode=DELIVERY&mod=storeDeliveryTime&modctx=%257B%2522entryPoint%2522%253A%2522store-auto-surface%2522%252C%2522encodedStoreUuid%2522%253A%2522ts_wC8W6SVaoSyjYrH8K_A%2522%257D&pl=JTdCJTIyYWRkcmVzcyUyMiUzQSUyMiVFNSVCRSVBOSVFOCU4OCU4OCVFOCVCNyVBRiVFNSU5QiU5QiVFNiVBRSVCNTE4NiVFOCU5OSU5RiUyMiUyQyUyMnJlZmVyZW5jZSUyMiUzQSUyMkNoSUo2YUZBNkJVOWFUUVJFTUlvUE5taFBqWSUyMiUyQyUyMnJlZmVyZW5jZVR5cGUlMjIlM0ElMjJnb29nbGVfcGxhY2VzJTIyJTJDJTIybGF0aXR1ZGUlMjIlM0EyNC4xMzU3NzI2JTJDJTIybG9uZ2l0dWRlJTIyJTNBMTIwLjY4Nzc0NzclN0Q%3D&ps=1&utm_campaign=place-action-link&utm_medium=organic&utm_source=google', NULL, 0, 1, 0, 0, 1, 1, '../upload/shop_id_4/info_img/logo-04.jpg', NULL, '../upload/shop_id_4/info_img/preview-04.jpg', 'mosamosa', NULL, '2023-05-08 02:50:00'),
(5, '87291932', '好吃河粉', 4, '台中市北區太平路129號', '0903-123-803', 'service5@service.com.tw', '10:30', '20:40', NULL, NULL, '1', 2, 'https://www.ubereats.com/tw/store/%E5%A5%BD%E5%90%83%E6%B2%B3%E7%B2%89/ZF2dkG1iSfWXwBH873nFWQ?diningMode=DELIVERY&pl=JTdCJTIyYWRkcmVzcyUyMiUzQSUyMiVFOCU4NyVCQSVFNCVCOCVBRCVFNSU4NSVBQyVFNSU5QyU5MiUyMiUyQyUyMnJlZmVyZW5jZSUyMiUzQSUyMkNoSUo1U1FXbTJzOWFUUVJPOUNSeVBCWFRoQSUyMiUyQyUyMnJlZmVyZW5jZVR5cGUlMjIlM0ElMjJnb29nbGVfcGxhY2VzJTIyJTJDJTIybGF0aXR1ZGUlMjIlM0EyNC4xNDQ4MTg1JTJDJTIybG9uZ2l0dWRlJTIyJTNBMTIwLjY4NDQ3NjIlN0Q%3D', NULL, 0, 0, 1, 0, 1, 1, '../upload/shop_id_5/info_img/logo-05.jpg', NULL, '../upload/shop_id_5/info_img/preview-05.jpg', 'mosamosa', NULL, '2023-05-08 02:50:00'),
(6, '87291933', '可不可熟成紅茶-大智店', 1, '台中市東區大智路11號', '04-2222-1621', 'service6@service.com.tw', '10:00', '22:00', NULL, NULL, NULL, 12, 'https://www.ubereats.com/tw/store/%E5%8F%AF%E4%B8%8D%E5%8F%AF%E7%86%9F%E6%88%90%E7%B4%85%E8%8C%B6-%E5%8F%B0%E4%B8%AD%E6%9D%B1%E5%8D%80%E5%BA%97/bdKe6yjyStSJAJ7AnFqRIg?utm_campaign=place-action-link&utm_medium=organic&utm_source=google', 'https://www.foodpanda.com.tw/restaurant/zwi7/ke-bu-ke-shou-cheng-hong-cha-tai-zhong-da-zhi-dian?utm_source=google&utm_medium=organic&utm_campaign=google_reserve_place_order_action', 0, 0, 0, 0, 1, 1, '../upload/shop_id_6/info_img/logo-06.jpg', NULL, '../upload/shop_id_6/info_img/preview-06.jpg', 'mosamosa', NULL, '2023-05-08 02:50:00'),
(7, '87291934', '五桐號WooTEA台中大智店', 1, '台中市東區大智路1-2號', '04-2222-3558', 'service7@service.com.tw', '10:30', '21:00', NULL, NULL, NULL, 12, 'https://www.ubereats.com/tw/store/%E4%BA%94%E6%A1%90%E8%99%9Fwootea-%E5%8F%B0%E4%B8%AD%E5%A4%A7%E6%99%BA%E5%BA%97/Vfyzp_fOVdq9BISRBGVrmw?diningMode=DELIVERY&pl=JTdCJTIyYWRkcmVzcyUyMiUzQSUyMiVFNSVCRSVBOSVFOCU4OCU4OCVFOCVCNyVBRiVFNSU5QiU5QiVFNiVBRSVCNTE4NiVFOCU5OSU5RiUyMiUyQyUyMnJlZmVyZW5jZSUyMiUzQSUyMkNoSUo2YUZBNkJVOWFUUVJFTUlvUE5taFBqWSUyMiUyQyUyMnJlZmVyZW5jZVR5cGUlMjIlM0ElMjJnb29nbGVfcGxhY2VzJTIyJTJDJTIybGF0aXR1ZGUlMjIlM0EyNC4xMzU3NzI2JTJDJTIybG9uZ2l0dWRlJTIyJTNBMTIwLjY4Nzc0NzclN0Q%3D&utm_campaign=place-action-link&utm_medium=organic&utm_source=google', 'https://www.foodpanda.com.tw/restaurant/l45w/wu-tong-hao-wootea-tai-zhong-da-zhi-dian?utm_source=google&utm_medium=organic&utm_campaign=google_reserve_place_order_action', 0, 0, 0, 0, 0, 0, '../upload/shop_id_7/info_img/logo-07.jpg', NULL, '../upload/shop_id_7/info_img/preview-07.jpg', 'mosamosa', NULL, '2023-05-08 02:50:00'),
(8, '87291935', '藍象廷泰式火鍋 台中新時代店', 1, '台中市東區復興路四段186號11樓', '04-2222-5859', 'service8@service.com.tw', '11:00', '21:30', NULL, NULL, NULL, 11, NULL, NULL, 1, 1, 0, 0, 0, 0, '../upload/shop_id_8/info_img/logo-08.jpg', NULL, '../upload/shop_id_8/info_img/preview-08.jpg', 'mosamosa', NULL, '2023-05-08 02:50:00'),
(9, '87291936', 'JOBA 揪霸食堂', 1, '台中市東區復興路四段110號', '04-2222-1208', 'service9@service.com.tw', '11:00', '14:00', '16:30', '19:30', '1,3', 4, 'https://www.ubereats.com/tw/store/%E6%8F%AA%E9%9C%B8%E9%A3%9F%E5%A0%82/S0mVwd7DQJmFcm1JV3-eFQ?diningMode=DELIVERY&pl=JTdCJTIyYWRkcmVzcyUyMiUzQSUyMiVFOCU4NyVCQSVFNCVCOCVBRCVFNSU4NSVBQyVFNSU5QyU5MiUyMiUyQyUyMnJlZmVyZW5jZSUyMiUzQSUyMkNoSUo1U1FXbTJzOWFUUVJPOUNSeVBCWFRoQSUyMiUyQyUyMnJlZmVyZW5jZVR5cGUlMjIlM0ElMjJnb29nbGVfcGxhY2VzJTIyJTJDJTIybGF0aXR1ZGUlMjIlM0EyNC4xNDQ4MTg1JTJDJTIybG9uZ2l0dWRlJTIyJTNBMTIwLjY4NDQ3NjIlN0Q%3D&utm_campaign=place-action-link&utm_medium=organic&utm_source=google', 'https://www.foodpanda.com.tw/restaurant/z2el/jiu-ba-shi-tang?utm_source=google&utm_medium=organic&utm_campaign=google_reserve_place_order_action', 0, 0, 1, 0, 0, 0, '../upload/shop_id_9/info_img/logo-09.jpg', NULL, '../upload/shop_id_9/info_img/preview-09.jpg', 'mosamosa', NULL, '2023-05-08 02:50:00'),
(10, '87291937', '蔬壽司', 2, '台中市西區模範街8巷5號', '04-2301-5675', 'service1@service.com.tw', '11:00', '14:30', '16:30', '20:00', '3,4', 3, 'https://www.ubereats.com/tw/store/%E8%94%AC%E5%A3%BD%E5%8F%B8/VWMHjtJHQLOaxWe8E3SzlQ?diningMode=DELIVERY&mod=storeDeliveryTime&modctx=%257B%2522entryPoint%2522%253A%2522store-auto-surface%2522%252C%2522encodedStoreUuid%2522%253A%2522VWMHjtJHQLOaxWe8E3SzlQ%2522%257D&pl=JTdCJTIyYWRkcmVzcyUyMiUzQSUyMiVFOCU4NyVCQSVFNCVCOCVBRCVFNSU4NSVBQyVFNSU5QyU5MiUyMiUyQyUyMnJlZmVyZW5jZSUyMiUzQSUyMkNoSUo1U1FXbTJzOWFUUVJPOUNSeVBCWFRoQSUyMiUyQyUyMnJlZmVyZW5jZVR5cGUlMjIlM0ElMjJnb29nbGVfcGxhY2VzJTIyJTJDJTIybGF0aXR1ZGUlMjIlM0EyNC4xNDQ4MTg1JTJDJTIybG9uZ2l0dWRlJTIyJTNBMTIwLjY4NDQ3NjIlN0Q%3D&ps=1&utm_campaign=place-action-link&utm_medium=organic&utm_source=google', 'https://www.foodpanda.com.tw/restaurant/y0sn/shu-shou-si?utm_source=google&utm_medium=organic&utm_campaign=google_reserve_place_order_action', 0, 0, 0, 0, 0, 0, '../upload/shop_id_10/info_img/logo-10.jpg', NULL, '../upload/shop_id_10/info_img/preview-10.jpg', 'mosamosa', NULL, '2023-05-08 02:50:00'),
(11, '87291938', '一沐日 台中美村店', 2, '台中市西區美村路一段163號', '04-2322-1313', 'service2@service.com.tw', '11:00', '22:00', NULL, NULL, NULL, 12, 'https://www.ubereats.com/tw/store/%E4%B8%80%E6%B2%90%E6%97%A5%E5%8F%B0%E4%B8%AD%E7%BE%8E%E6%9D%91%E5%BA%97/fVDp1hNqRbKnPhmU4x0iZQ?diningMode=DELIVERY&pl=JTdCJTIyYWRkcmVzcyUyMiUzQSUyMiVFNSVCRSVBOSVFOCU4OCU4OCVFOCVCNyVBRiVFNSU5QiU5QiVFNiVBRSVCNTE4NiVFOCU5OSU5RiUyMiUyQyUyMnJlZmVyZW5jZSUyMiUzQSUyMkNoSUo2YUZBNkJVOWFUUVJFTUlvUE5taFBqWSUyMiUyQyUyMnJlZmVyZW5jZVR5cGUlMjIlM0ElMjJnb29nbGVfcGxhY2VzJTIyJTJDJTIybGF0aXR1ZGUlMjIlM0EyNC4xMzU3NzI2JTJDJTIybG9uZ2l0dWRlJTIyJTNBMTIwLjY4Nzc0NzclN0Q%3D&utm_campaign=place-action-link&utm_medium=organic&utm_source=google', NULL, 0, 0, 0, 0, 0, 0, '../upload/shop_id_11/info_img/logo-11.jpg', NULL, '../upload/shop_id_11/info_img/preview-11.jpg', 'mosamosa', NULL, '2023-05-08 02:50:00'),
(12, '87291939', '茶明載波', 2, '台中市西區美村路一段143號', '04-2321-7772', 'service3@service.com.tw', '10:30', '21:00', NULL, NULL, NULL, 12, 'https://www.ubereats.com/tw/store/%E8%8C%B6%E6%98%8E%E8%BC%89%E6%B3%A2/zslay9kGRbmC5UQoELCMJg?diningMode=DELIVERY&pl=JTdCJTIyYWRkcmVzcyUyMiUzQSUyMiVFNSVCRSVBOSVFOCU4OCU4OCVFOCVCNyVBRiVFNSU5QiU5QiVFNiVBRSVCNTE4NiVFOCU5OSU5RiUyMiUyQyUyMnJlZmVyZW5jZSUyMiUzQSUyMkNoSUo2YUZBNkJVOWFUUVJFTUlvUE5taFBqWSUyMiUyQyUyMnJlZmVyZW5jZVR5cGUlMjIlM0ElMjJnb29nbGVfcGxhY2VzJTIyJTJDJTIybGF0aXR1ZGUlMjIlM0EyNC4xMzU3NzI2JTJDJTIybG9uZ2l0dWRlJTIyJTNBMTIwLjY4Nzc0NzclN0Q%3D&utm_campaign=place-action-link&utm_medium=organic&utm_source=google', NULL, 0, 0, 0, 0, 1, 1, '../upload/shop_id_12/info_img/logo-12.jpg', NULL, '../upload/shop_id_12/info_img/preview-12.jpg', 'mosamosa', NULL, '2023-05-08 02:50:00'),
(13, '87291940', '老四川巴蜀麻辣燙 台中公益店', 2, '台中市西區公益路343號', '04-2319-8789', 'service4@service.com.tw', '11:30', '07:00', NULL, NULL, NULL, 11, 'https://www.ubereats.com/tw/store/%E8%80%81%E5%9B%9B%E5%B7%9D-%E5%85%AC%E7%9B%8A%E5%BA%97/4qIoacXjSKSEhiXOLx6euw?diningMode=DELIVERY&mod=storeInfo&modctx=%257B%2522storeSlug%2522%253A%2522%2525E8%252580%252581%2525E5%25259B%25259B%2525E5%2525B7%25259D-%2525E5%252585%2525AC%2525E7%25259B%25258A%2525E5%2525BA%252597%2522%252C%2522storeUuid%2522%253A%2522e2a22869-c5e3-48a4-8486-25ce2f1e9ebb%2522%252C%2522sectionUuid%2522%253A%2522%2522%257D&ps=1', 'https://www.foodpanda.com.tw/restaurant/d2js/lao-si-chuan-ba-shu-ma-la-tang-gong-yi-dian?utm_source=google&utm_medium=organic&utm_campaign=google_reserve_place_order_action', 0, 1, 0, 1, 1, 1, '../upload/shop_id_13/info_img/logo-13.jpg', NULL, '../upload/shop_id_13/info_img/preview-13.jpg', 'mosamosa', NULL, '2023-05-08 02:50:00'),
(14, '87291941', '添好運 (台中勤美店)', 2, '403台中市西區公益路68號', '04-2329-2278', 'service5@service.com.tw', '11:00', '21:30', NULL, NULL, NULL, 2, NULL, 'https://www.foodpanda.com.tw/restaurant/wsc9/tian-hao-yun-tai-zhong-qin-mei-dian', 1, 1, 0, 1, 1, 1, '../upload/shop_id_14/info_img/logo-14.jpg', '../upload/shop_id_14/info_img/banner-14.jpg', '../upload/shop_id_14/info_img/preview-14.jpg', 'mosamosa', 'https://www.google.com/maps/embed?pb=!1m18!1m12!1m3!1d14562.359172486611!2d120.66384800000003!3d24.151040000000002!2m3!1f0!2f0!3f0!3m2!1i1024!2i768!4f13.1!3m3!1m2!1s0x34693dcbf4e574dd%3A0xc8bc0ce278460b02!2z5re75aW96YGLIOWPsOS4reWLpOe-juW6lw!5e0!3m2!1szh-TW!2stw!4v1683163118584!5m2!1szh-TW!2stw', '2023-05-08 02:50:00'),
(15, '87291942', '麻古茶坊美村南店', 3, '台中市南區美村南路92號', '04-2260-8138', 'service6@service.com.tw', '09:00', '22:00', NULL, NULL, NULL, 12, 'https://www.ubereats.com/tw/store/%E9%BA%BB%E5%8F%A4%E8%8C%B6%E5%9D%8Amacu-tea-%E7%BE%8E%E6%9D%91%E5%8D%97%E8%B7%AF%E5%BA%97/tpnF1vzTS1eJROZyqmSUzw?diningMode=DELIVERY&pl=JTdCJTIyYWRkcmVzcyUyMiUzQSUyMiVFNSVCRSVBOSVFOCU4OCU4OCVFOCVCNyVBRiVFNSU5QiU5QiVFNiVBRSVCNTE4NiVFOCU5OSU5RiUyMiUyQyUyMnJlZmVyZW5jZSUyMiUzQSUyMkNoSUo2YUZBNkJVOWFUUVJFTUlvUE5taFBqWSUyMiUyQyUyMnJlZmVyZW5jZVR5cGUlMjIlM0ElMjJnb29nbGVfcGxhY2VzJTIyJTJDJTIybGF0aXR1ZGUlMjIlM0EyNC4xMzU3NzI2JTJDJTIybG9uZ2l0dWRlJTIyJTNBMTIwLjY4Nzc0NzclN0Q%3D&utm_campaign=place-action-link&utm_medium=organic&utm_source=google', NULL, 0, 0, 0, 0, 1, 1, '../upload/shop_id_15/info_img/logo-15.jpg', NULL, '../upload/shop_id_15/info_img/preview-15.jpg', 'mosamosa', NULL, '2023-05-08 02:50:00'),
(16, '87291943', '無飲台中德富店', 3, '台中市南區德富路82號', '04-2452-2177', 'service7@service.com.tw', '09:00', '20:00', NULL, NULL, NULL, 12, NULL, 'https://www.foodpanda.com.tw/restaurant/n31g/wu-yin-tai-zhong-de-fu-dian-n31g?utm_source=google&utm_medium=organic&utm_campaign=google_reserve_place_order_action', 0, 0, 0, 0, 1, 1, '../upload/shop_id_16/info_img/logo-16.jpg', NULL, '../upload/shop_id_16/info_img/preview-16.jpg', 'mosamosa', NULL, '2023-05-08 02:50:00'),
(17, '87291944', '惹鍋 台中復興店', 3, '台中市南區復興路一段337號', '04-2263-6633', 'service8@service.com.tw', '11:00', '14:30', '16:30', '04:00', NULL, 11, 'https://www.ubereats.com/tw/store/%E6%83%B9%E9%8D%8B-%E5%BE%A9%E8%88%88%E5%BA%97/896W_j5qQNmMChYSTsuFnQ?diningMode=DELIVERY&pl=JTdCJTIyYWRkcmVzcyUyMiUzQSUyMiVFNSVCRSVBOSVFOCU4OCU4OCVFOCVCNyVBRiVFNSU5QiU5QiVFNiVBRSVCNTE4NiVFOCU5OSU5RiUyMiUyQyUyMnJlZmVyZW5jZSUyMiUzQSUyMkNoSUo2YUZBNkJVOWFUUVJFTUlvUE5taFBqWSUyMiUyQyUyMnJlZmVyZW5jZVR5cGUlMjIlM0ElMjJnb29nbGVfcGxhY2VzJTIyJTJDJTIybGF0aXR1ZGUlMjIlM0EyNC4xMzU3NzI2JTJDJTIybG9uZ2l0dWRlJTIyJTNBMTIwLjY4Nzc0NzclN0Q%3D&utm_campaign=place-action-link&utm_medium=organic&utm_source=google', 'https://www.foodpanda.com.tw/restaurant/egqa/re-guo-tai-zhong-fu-xing-dian-egqa?utm_source=google&utm_medium=organic&utm_campaign=google_reserve_place_order_action', 0, 1, 0, 1, 1, 1, '../upload/shop_id_17/info_img/logo-17.jpg', NULL, '../upload/shop_id_17/info_img/preview-17.jpg', 'mosamosa', NULL, '2023-05-08 02:50:00'),
(18, '87291945', '清一色牛肉麵 興大店', 3, '台中市南區學府路62號', '04-2285-9677', 'service9@service.com.tw', '11:00', '21:30', NULL, NULL, NULL, 4, 'https://www.ubereats.com/tw/store/%E6%B8%85%E4%B8%80%E8%89%B2%E7%89%9B%E8%82%89%E9%BA%B5/oT7Q0oaHT0iYDhY2Y-12Vw?diningMode=DELIVERY&pl=JTdCJTIyYWRkcmVzcyUyMiUzQSUyMiVFOCU4NyVCQSVFNCVCOCVBRCVFNSU4NSVBQyVFNSU5QyU5MiUyMiUyQyUyMnJlZmVyZW5jZSUyMiUzQSUyMkNoSUo1U1FXbTJzOWFUUVJPOUNSeVBCWFRoQSUyMiUyQyUyMnJlZmVyZW5jZVR5cGUlMjIlM0ElMjJnb29nbGVfcGxhY2VzJTIyJTJDJTIybGF0aXR1ZGUlMjIlM0EyNC4xNDQ4MTg1JTJDJTIybG9uZ2l0dWRlJTIyJTNBMTIwLjY4NDQ3NjIlN0Q%3D&utm_campaign=place-action-link&utm_medium=organic&utm_source=google', 'https://www.foodpanda.com.tw/restaurant/y1bx/qing-se-niu-rou-mian-xing-da-dian?utm_source=google&utm_medium=organic&utm_campaign=google_reserve_place_order_action', 1, 0, 1, 0, 1, 1, '../upload/shop_id_18/info_img/logo-18.jpg', NULL, '../upload/shop_id_18/info_img/preview-18.jpg', 'mosamosa', NULL, '2023-05-08 02:50:00'),
(19, '87291946', '裏享餐盒', 3, '台中市南區東興路一段32號', '04-2261-8889', 'service1@service.com.tw', '11:00', '14:00', '16:40', '19:30', NULL, 5, 'https://www.ubereats.com/tw/store/%E8%A3%8F%E4%BA%AB%E9%A4%90%E7%9B%92/YmAsGV5qXhWV9hyeFqrlHg?diningMode=DELIVERY&pl=JTdCJTIyYWRkcmVzcyUyMiUzQSUyMiVFNSVBRiVCNiVFNSVCMSVCMSVFOCVCNyVBRjQyMiVFOCU5OSU5RiUyMiUyQyUyMnJlZmVyZW5jZSUyMiUzQSUyMkVqeE9ieTRnTkRJeUxDQkNZVzl6YUdGdUlGSmtMQ0JGWVhOMElFUnBjM1J5YVdOMExDQkljMmx1WTJoMUlFTnBkSGtzSUZSaGFYZGhiaUF6TURBaVVSSlBDalFLTWdrRDY3S29CelpvTkJGSEp3U1hvTWwyTGhvZUN4RHV3ZTZoQVJvVUNoSUp3Nmk0ZEs4MWFEUVJDUnBJSmpSR1cta01FS1lES2hRS0VnbnQ2NnZWNGpWb05CSHRQUTA0MklYNWlBJTIyJTJDJTIycmVmZXJlbmNlVHlwZSUyMiUzQSUyMmdvb2dsZV9wbGFjZXMlMjIlMkMlMjJsYXRpdHVkZSUyMiUzQTI0Ljc4NDc5ODglMkMlMjJsb25naXR1ZGUlMjIlM0ExMjAuOTg5OTY5NSU3RA%3D%3D&utm_campaign=place-action-link&utm_medium=organic&utm_source=google', 'https://www.foodpanda.com.tw/restaurant/b5aw/li-xiang-can-he?utm_source=google&utm_medium=organic&utm_campaign=google_reserve_place_order_action', 0, 0, 0, 0, 1, 1, '../upload/shop_id_19/info_img/logo-19.jpg', NULL, '../upload/shop_id_19/info_img/preview-19.jpg', 'mosamosa', NULL, '2023-05-08 02:50:00'),
(20, '87291947', '輕之茶-中華店', 5, '台中市中區中華路二段57號', '04-2201-7985', 'service2@service.com.tw', '11:00', '23:00', NULL, NULL, NULL, 12, 'https://www.ubereats.com/tw/store/%E8%BC%95%E4%B9%8B%E8%8C%B6-%E4%B8%AD%E8%8F%AF%E7%B8%BD%E5%BA%97/tjksMXq4SpK_s61y4nDNqw?diningMode=DELIVERY&mod=storeDeliveryTime&modctx=%257B%2522entryPoint%2522%253A%2522store-auto-surface%2522%252C%2522encodedStoreUuid%2522%253A%2522tjksMXq4SpK_s61y4nDNqw%2522%257D&pl=JTdCJTIyYWRkcmVzcyUyMiUzQSUyMiVFNSVCRSVBOSVFOCU4OCU4OCVFOCVCNyVBRiVFNSU5QiU5QiVFNiVBRSVCNTE4NiVFOCU5OSU5RiUyMiUyQyUyMnJlZmVyZW5jZSUyMiUzQSUyMkNoSUo2YUZBNkJVOWFUUVJFTUlvUE5taFBqWSUyMiUyQyUyMnJlZmVyZW5jZVR5cGUlMjIlM0ElMjJnb29nbGVfcGxhY2VzJTIyJTJDJTIybGF0aXR1ZGUlMjIlM0EyNC4xMzU3NzI2JTJDJTIybG9uZ2l0dWRlJTIyJTNBMTIwLjY4Nzc0NzclN0Q%3D&ps=1&utm_campaign=place-action-link&utm_medium=organic&utm_source=google', NULL, 0, 0, 0, 0, 1, 1, '../upload/shop_id_20/info_img/logo-20.jpg', NULL, '../upload/shop_id_20/info_img/preview-20.jpg', 'mosamosa', NULL, '2023-05-08 02:50:00'),
(21, '87291948', 'CITY MILK 城市奶冰樂 台中中華店', 5, '台中市中區中華路一段64號', '04-2222-0308', 'service3@service.com.tw', '12:20', '00:00', NULL, NULL, NULL, 12, 'https://www.ubereats.com/tw/store/city-milk-%E5%9F%8E%E5%B8%82%E5%A5%B6%E5%86%B0%E6%A8%82-%E5%8F%B0%E4%B8%AD%E4%B8%AD%E8%8F%AF%E5%BA%97/fFz5bnO8S4KHZ4q4Zul-hw?diningMode=DELIVERY&pl=JTdCJTIyYWRkcmVzcyUyMiUzQSUyMiVFNSVCRSVBOSVFOCU4OCU4OCVFOCVCNyVBRiVFNSU5QiU5QiVFNiVBRSVCNTE4NiVFOCU5OSU5RiUyMiUyQyUyMnJlZmVyZW5jZSUyMiUzQSUyMkNoSUo2YUZBNkJVOWFUUVJFTUlvUE5taFBqWSUyMiUyQyUyMnJlZmVyZW5jZVR5cGUlMjIlM0ElMjJnb29nbGVfcGxhY2VzJTIyJTJDJTIybGF0aXR1ZGUlMjIlM0EyNC4xMzU3NzI2JTJDJTIybG9uZ2l0dWRlJTIyJTNBMTIwLjY4Nzc0NzclN0Q%3D&ps=1&utm_campaign=place-action-link&utm_medium=organic&utm_source=google', NULL, 0, 0, 0, 0, 0, 0, '../upload/shop_id_21/info_img/logo-21.jpg', NULL, '../upload/shop_id_21/info_img/preview-21.jpg', 'mosamosa', NULL, '2023-05-08 02:50:00'),
(22, '87291949', '築間幸福鍋物 台中一中店', 5, '台中市北區育才街3號2樓', '04-2221-1199', 'service4@service.com.tw', '11:00', '04:00', NULL, NULL, NULL, 11, 'https://www.ubereats.com/tw/store/%E7%AF%89%E9%96%93%E5%B9%B8%E7%A6%8F%E9%8D%8B%E7%89%A9-%E5%8F%B0%E4%B8%AD%E4%B8%80%E4%B8%AD%E5%BA%97/0xgF_GcCQzq-vG36N7fDBA?diningMode=DELIVERY&pl=JTdCJTIyYWRkcmVzcyUyMiUzQSUyMiVFNSVCRSVBOSVFOCU4OCU4OCVFOCVCNyVBRiVFNSU5QiU5QiVFNiVBRSVCNTE4NiVFOCU5OSU5RiUyMiUyQyUyMnJlZmVyZW5jZSUyMiUzQSUyMkNoSUo2YUZBNkJVOWFUUVJFTUlvUE5taFBqWSUyMiUyQyUyMnJlZmVyZW5jZVR5cGUlMjIlM0ElMjJnb29nbGVfcGxhY2VzJTIyJTJDJTIybGF0aXR1ZGUlMjIlM0EyNC4xMzU3NzI2JTJDJTIybG9uZ2l0dWRlJTIyJTNBMTIwLjY4Nzc0NzclN0Q%3D&utm_campaign=place-action-link&utm_medium=organic&utm_source=google', 'https://www.foodpanda.com.tw/restaurant/woux/zhu-jian-xing-fu-guo-wu-tai-zhong-zhong-dian?utm_source=google&utm_medium=organic&utm_campaign=google_reserve_place_order_action', 0, 1, 0, 1, 1, 1, '../upload/shop_id_22/info_img/logo-22.jpg', NULL, '../upload/shop_id_22/info_img/preview-22.jpg', 'mosamosa', NULL, '2023-05-08 02:50:00'),
(23, '87291950', 'Hello! Việt Nam越南你好河內美食', 5, '台中市中區成功路92號', '04-2221-1595', 'service5@service.com.tw', '10:30', '20:30', NULL, NULL, NULL, 2, NULL, 'https://www.foodpanda.com.tw/restaurant/f2vl/hello-viet-namyue-nan-ni-hao-he-nei-mei-shi', 0, 0, 1, 0, 0, 0, '../upload/shop_id_23/info_img/logo-23.jpg', NULL, '../upload/shop_id_23/info_img/preview-23.jpg', 'mosamosa', NULL, '2023-05-08 02:50:00'),
(24, '87291951', '茂川肉丸', 5, '台中市中區臺灣大道一段401號', '04-2227-7477', 'service6@service.com.tw', '11:00', '19:00', NULL, NULL, '1', 4, 'https://www.ubereats.com/tw/store/%E8%8C%82%E5%B7%9D%E8%82%89%E4%B8%B8/Odk7b1cXSo2B0P-lT9lt6g?utm_campaign=place-action-link&utm_medium=organic&utm_source=google', NULL, 0, 0, 1, 0, 0, 0, '../upload/shop_id_24/info_img/logo-24.jpg', NULL, '../upload/shop_id_24/info_img/preview-24.jpg', 'mosamosa', NULL, '2023-05-08 02:50:00'),
(25, '87291952', '維吉堡', 8, '40652台中市北屯區北平路四段110號', '04-2233-3961', 'service7@service.com.tw', '11:00', '14:00', '17:00', '20:00', '1', 3, 'https://www.ubereats.com/tw/store/%E7%B6%AD%E5%90%89%E5%A0%A1-veggie-burger%E8%94%AC%E9%A3%9F%E7%B4%A0%E9%A3%9F%E6%BC%A2%E5%A0%A1-%E5%8C%97%E5%B9%B3%E5%BA%97/lD-BbGEyQ_mLJ6M3J4j-tA?diningMode=DELIVERY&pl=JTdCJTIyYWRkcmVzcyUyMiUzQSUyMiVFOCU4NyVCQSVFNCVCOCVBRCVFNSU4NSVBQyVFNSU5QyU5MiUyMiUyQyUyMnJlZmVyZW5jZSUyMiUzQSUyMkNoSUo1U1FXbTJzOWFUUVJPOUNSeVBCWFRoQSUyMiUyQyUyMnJlZmVyZW5jZVR5cGUlMjIlM0ElMjJnb29nbGVfcGxhY2VzJTIyJTJDJTIybGF0aXR1ZGUlMjIlM0EyNC4xNDQ4MTg1JTJDJTIybG9uZ2l0dWRlJTIyJTNBMTIwLjY4NDQ3NjIlN0Q%3D', NULL, 0, 0, 1, 0, 0, 0, '../upload/shop_id_25/info_img/logo-25.jpg', NULL, '../upload/shop_id_25/info_img/preview-25.jpg', 'mosamosa', NULL, '2023-05-08 02:50:00'),
(26, '87291953', '吳家紅茶冰大連店', 8, '台中市北屯區大連路一段39號', '04-2298-8329', 'service8@service.com.tw', '08:00', '20:00', NULL, NULL, '7', 12, 'https://www.ubereats.com/tw/store/%E5%90%B3%E5%AE%B6%E7%B4%85%E8%8C%B6%E5%86%B0-%E5%A4%A7%E9%80%A3%E5%BA%97/1Je4rGmPSgaXQtdv6ucUAA?diningMode=DELIVERY&pl=JTdCJTIyYWRkcmVzcyUyMiUzQSUyMiVFNSVCRSVBOSVFOCU4OCU4OCVFOCVCNyVBRiVFNSU5QiU5QiVFNiVBRSVCNTE4NiVFOCU5OSU5RiUyMiUyQyUyMnJlZmVyZW5jZSUyMiUzQSUyMkNoSUo2YUZBNkJVOWFUUVJFTUlvUE5taFBqWSUyMiUyQyUyMnJlZmVyZW5jZVR5cGUlMjIlM0ElMjJnb29nbGVfcGxhY2VzJTIyJTJDJTIybGF0aXR1ZGUlMjIlM0EyNC4xMzU3NzI2JTJDJTIybG9uZ2l0dWRlJTIyJTNBMTIwLjY4Nzc0NzclN0Q%3D&utm_campaign=place-action-link&utm_medium=organic&utm_source=google', NULL, 0, 0, 0, 0, 0, 0, '../upload/shop_id_26/info_img/logo-26.jpg', NULL, '../upload/shop_id_26/info_img/preview-26.jpg', 'mosamosa', NULL, '2023-05-08 02:50:00'),
(27, '87291954', '上宇林北屯南興店', 8, '台中市北屯區南興二路277號1樓', '04-2436-3840', 'service9@service.com.tw', '10:00', '19:00', NULL, NULL, NULL, 12, NULL, 'https://www.foodpanda.com.tw/restaurant/ru3q/shang-yu-lin-tai-zhong-nan-xing-dian?utm_source=google&utm_medium=organic&utm_campaign=google_reserve_place_order_action', 0, 0, 0, 0, 0, 0, '../upload/shop_id_27/info_img/logo-27.jpg', NULL, '../upload/shop_id_27/info_img/preview-27.jpg', 'mosamosa', NULL, '2023-05-08 02:50:00'),
(28, '87291955', '三媽臭臭鍋(北屯店)', 8, '台中市北屯區太原路三段275號', '04-2238-5107', 'service1@service.com.tw', '16:00', '23:00', NULL, NULL, NULL, 11, NULL, 'https://www.foodpanda.com.tw/restaurant/iq43/san-ma-chou-chou-guo-tai-zhong-bei-tun-dian?utm_source=google&utm_medium=organic&utm_campaign=google_reserve_place_order_action', 0, 0, 0, 0, 0, 0, '../upload/shop_id_28/info_img/logo-28.jpg', NULL, '../upload/shop_id_28/info_img/preview-28.jpg', 'mosamosa', NULL, '2023-05-08 02:50:00'),
(29, '87291956', '刁民酸菜魚 (崇德店)', 8, '台中市北區漢口路四段395號', '04-2238-7777', 'service2@service.com.tw', '11:00', '02:00', NULL, NULL, NULL, 4, 'https://www.ubereats.com/tw/store/%E5%88%81%E6%B0%91%E9%85%B8%E8%8F%9C%E9%AD%9A-%E5%B4%87%E5%BE%B7%E5%BA%97/jcObe0V6S6q6KYrFhkx5fw?diningMode=DELIVERY&pl=JTdCJTIyYWRkcmVzcyUyMiUzQSUyMiVFOCU4NyVCQSVFNCVCOCVBRCVFNSU4NSVBQyVFNSU5QyU5MiUyMiUyQyUyMnJlZmVyZW5jZSUyMiUzQSUyMkNoSUo1U1FXbTJzOWFUUVJPOUNSeVBCWFRoQSUyMiUyQyUyMnJlZmVyZW5jZVR5cGUlMjIlM0ElMjJnb29nbGVfcGxhY2VzJTIyJTJDJTIybGF0aXR1ZGUlMjIlM0EyNC4xNDQ4MTg1JTJDJTIybG9uZ2l0dWRlJTIyJTNBMTIwLjY4NDQ3NjIlN0Q%3D&utm_campaign=place-action-link&utm_medium=organic&utm_source=google', NULL, 0, 0, 0, 1, 1, 1, '../upload/shop_id_29/info_img/logo-29.jpg', NULL, '../upload/shop_id_29/info_img/preview-29.jpg', 'mosamosa', NULL, '2023-05-08 02:50:00'),
(30, '87291957', '空也素麵食', 6, '407台中市西屯區朝富五街10號', '04-2252-3722', 'service3@service.com.tw', '11:00', '21:00', NULL, NULL, NULL, 3, 'https://www.ubereats.com/tw/store/%E7%A9%BA%E4%B9%9F%E7%B4%A0%E9%BA%B5%E9%A3%9F/yDV1CYboR5aiOD_ns4lUUw?diningMode=DELIVERY&pl=JTdCJTIyYWRkcmVzcyUyMiUzQSUyMiVFOCU4NyVCQSVFNCVCOCVBRCVFNSU4NSVBQyVFNSU5QyU5MiUyMiUyQyUyMnJlZmVyZW5jZSUyMiUzQSUyMkNoSUo1U1FXbTJzOWFUUVJPOUNSeVBCWFRoQSUyMiUyQyUyMnJlZmVyZW5jZVR5cGUlMjIlM0ElMjJnb29nbGVfcGxhY2VzJTIyJTJDJTIybGF0aXR1ZGUlMjIlM0EyNC4xNDQ4MTg1JTJDJTIybG9uZ2l0dWRlJTIyJTNBMTIwLjY4NDQ3NjIlN0Q%3D', NULL, 0, 1, 0, 0, 1, 1, '../upload/shop_id_30/info_img/logo-30.jpg', NULL, '../upload/shop_id_30/info_img/preview-30.jpg', 'mosamosa', NULL, '2023-05-08 02:50:00'),
(31, '87291958', '日日裝茶 西屯青海店', 6, '台中市西屯區青海路一段91號', '04-2314-0008', 'service4@service.com.tw', '10:00', '21:00', NULL, NULL, '7', 12, NULL, 'https://www.foodpanda.com.tw/restaurant/tzns/ri-ri-zhuang-cha-xi-tun-qing-hai-dian?utm_source=google&utm_medium=organic&utm_campaign=google_reserve_place_order_action', 0, 0, 0, 0, 0, 0, '../upload/shop_id_31/info_img/logo-31.jpg', NULL, '../upload/shop_id_31/info_img/preview-31.jpg', 'mosamosa', NULL, '2023-05-08 02:50:00'),
(32, '87291959', '九龍城香港茶(精誠店)', 6, '台中市西屯區精明二街36號', '04-2327-0626', 'service5@service.com.tw', '11:30', '21:00', NULL, NULL, '7', 12, 'https://www.ubereats.com/tw/store/%E4%B9%9D%E9%BE%8D%E5%9F%8E%E9%A6%99%E6%B8%AF%E8%8C%B6-%E7%B2%BE%E8%AA%A0%E5%BA%97/gl9-PcB5Rr27VdJjv5xMaw?diningMode=DELIVERY&pl=JTdCJTIyYWRkcmVzcyUyMiUzQSUyMiVFNSVCRSVBOSVFOCU4OCU4OCVFOCVCNyVBRiVFNSU5QiU5QiVFNiVBRSVCNTE4NiVFOCU5OSU5RiUyMiUyQyUyMnJlZmVyZW5jZSUyMiUzQSUyMkNoSUo2YUZBNkJVOWFUUVJFTUlvUE5taFBqWSUyMiUyQyUyMnJlZmVyZW5jZVR5cGUlMjIlM0ElMjJnb29nbGVfcGxhY2VzJTIyJTJDJTIybGF0aXR1ZGUlMjIlM0EyNC4xMzU3NzI2JTJDJTIybG9uZ2l0dWRlJTIyJTNBMTIwLjY4Nzc0NzclN0Q%3D&ps=1&utm_campaign=place-action-link&utm_medium=organic&utm_source=google', NULL, 0, 0, 0, 0, 1, 1, '../upload/shop_id_32/info_img/logo-32.jpg', NULL, '../upload/shop_id_32/info_img/preview-32.jpg', 'mosamosa', NULL, '2023-05-08 02:50:00'),
(33, '87291960', '敝姓鍋 - 台中旗艦店', 6, '台中市西屯區精明路21號', '04-2329-2250', 'service6@service.com.tw', '11:00', '14:30', '17:00', '22:00', NULL, 11, NULL, 'https://www.foodpanda.com.tw/restaurant/n9ev/bi-xing-guo-tai-zhong-qi-jian-dian?utm_source=google&utm_medium=organic&utm_campaign=google_reserve_place_order_action', 0, 1, 0, 1, 0, 0, '../upload/shop_id_33/info_img/logo-33.jpg', NULL, '../upload/shop_id_33/info_img/preview-33.jpg', 'mosamosa', NULL, '2023-05-08 02:50:00'),
(34, '87291961', '瘋佬墨 StellaLoca', 6, '407台中市西屯區至善路173號', '04-2452-0105', 'service7@service.com.tw', '11:00', '14:30', '17:00', '20:30', '1', 2, 'https://www.ubereats.com/tw/store/%E7%98%8B%E4%BD%AC%E5%A2%A8stellaloca-%E9%80%A2%E7%94%B2%E5%BA%97/Fcx6uKZnQQWP86BRY556pg?diningMode=DELIVERY&pl=JTdCJTIyYWRkcmVzcyUyMiUzQSUyMiVFOCU4NyVCQSVFNCVCOCVBRCVFNSU4NSVBQyVFNSU5QyU5MiUyMiUyQyUyMnJlZmVyZW5jZSUyMiUzQSUyMkNoSUo1U1FXbTJzOWFUUVJPOUNSeVBCWFRoQSUyMiUyQyUyMnJlZmVyZW5jZVR5cGUlMjIlM0ElMjJnb29nbGVfcGxhY2VzJTIyJTJDJTIybGF0aXR1ZGUlMjIlM0EyNC4xNDQ4MTg1JTJDJTIybG9uZ2l0dWRlJTIyJTNBMTIwLjY4NDQ3NjIlN0Q%3D&utm_campaign=place-action-link&utm_medium=organic&utm_source=google', 'https://www.foodpanda.com.tw/restaurant/qbyu/feng-lao-mo-stellalocamo-xi-ge-liao-li-tai-zhong-feng-jia-dian?utm_source=google&utm_medium=organic&utm_campaign=google_reserve_place_order_action', 0, 0, 1, 0, 1, 1, '../upload/shop_id_34/info_img/logo-34.jpg', NULL, '../upload/shop_id_34/info_img/preview-34.jpg', 'mosamosa', NULL, '2023-05-08 02:50:00'),
(35, '87291962', '良食煮意有機鍋物黎明店', 7, '台中市南屯區黎明路一段918號', '04-2389-9898', 'service8@service.com.tw', '11:30', '22:00', NULL, NULL, NULL, 11, NULL, NULL, 1, 1, 0, 1, 0, 0, '../upload/shop_id_35/info_img/logo-35.jpg', NULL, '../upload/shop_id_35/info_img/preview-35.jpg', 'mosamosa', NULL, '2023-05-08 02:50:00'),
(36, '87291963', '熱浪島南洋蔬食茶堂', 7, '台中市南屯區向上路三段536號', '04-2380-1133', 'service9@service.com.tw', '11:00', '20:30', NULL, NULL, NULL, 3, 'https://www.ubereats.com/tw/store/%E7%86%B1%E6%B5%AA%E5%B3%B6%E5%8D%97%E6%B4%8B%E8%94%AC%E9%A3%9F%E8%8C%B6%E5%A0%82-%E5%90%91%E4%B8%8A%E6%97%97%E8%89%A6%E5%BA%97/dzbyxx0aStWGEVfbi7C9-w?diningMode=DELIVERY&pl=JTdCJTIyYWRkcmVzcyUyMiUzQSUyMiVFOCU4NyVCQSVFNCVCOCVBRCVFNSU4NSVBQyVFNSU5QyU5MiUyMiUyQyUyMnJlZmVyZW5jZSUyMiUzQSUyMkNoSUo1U1FXbTJzOWFUUVJPOUNSeVBCWFRoQSUyMiUyQyUyMnJlZmVyZW5jZVR5cGUlMjIlM0ElMjJnb29nbGVfcGxhY2VzJTIyJTJDJTIybGF0aXR1ZGUlMjIlM0EyNC4xNDQ4MTg1JTJDJTIybG9uZ2l0dWRlJTIyJTNBMTIwLjY4NDQ3NjIlN0Q%3D', NULL, 0, 1, 1, 1, 1, 1, '../upload/shop_id_36/info_img/logo-36.jpg', NULL, '../upload/shop_id_36/info_img/preview-36.jpg', 'mosamosa', NULL, '2023-05-08 02:50:00'),
(37, '87291964', '新井茶 忠勇店', 7, '台中市南屯區忠勇路115號', '04-2380-0716', 'service1@service.com.tw', '09:30', '22:00', NULL, NULL, NULL, 12, NULL, 'https://www.foodpanda.com.tw/restaurant/a9vf/xin-jing-cha-tai-zhong-zhong-yong-dian?utm_source=google&utm_medium=organic&utm_campaign=google_reserve_place_order_action', 0, 0, 0, 0, 0, 0, '../upload/shop_id_37/info_img/logo-37.jpg', NULL, '../upload/shop_id_37/info_img/preview-37.jpg', 'mosamosa', NULL, '2023-05-08 02:50:00'),
(38, '87291965', '50嵐 向上二店', 7, '台中市南屯區向上路二段472號', '04-2380-3575', 'service2@service.com.tw', '10:00', '22:30', NULL, NULL, NULL, 12, 'https://www.ubereats.com/tw/store/50%E5%B5%90-%E5%90%91%E4%B8%8A%E4%BA%8C%E5%BA%97/18DKRbhNWiibci-gFeNRRg?diningMode=DELIVERY&pl=JTdCJTIyYWRkcmVzcyUyMiUzQSUyMiVFNSVCRSVBOSVFOCU4OCU4OCVFOCVCNyVBRiVFNSU5QiU5QiVFNiVBRSVCNTE4NiVFOCU5OSU5RiUyMiUyQyUyMnJlZmVyZW5jZSUyMiUzQSUyMkNoSUo2YUZBNkJVOWFUUVJFTUlvUE5taFBqWSUyMiUyQyUyMnJlZmVyZW5jZVR5cGUlMjIlM0ElMjJnb29nbGVfcGxhY2VzJTIyJTJDJTIybGF0aXR1ZGUlMjIlM0EyNC4xMzU3NzI2JTJDJTIybG9uZ2l0dWRlJTIyJTNBMTIwLjY4Nzc0NzclN0Q%3D&utm_campaign=place-action-link&utm_medium=organic&utm_source=google', NULL, 0, 0, 0, 0, 1, 1, '../upload/shop_id_38/info_img/logo-38.jpg', NULL, '../upload/shop_id_38/info_img/preview-38.jpg', 'mosamosa', NULL, '2023-05-08 02:50:00'),
(39, '87291966', 'hechino做茶菜', 7, '台中市南屯區大墩路632之1號', '04-2326-5061', 'service3@service.com.tw', '11:30', '15:00', '17:00', '22:00', NULL, 4, 'https://www.ubereats.com/tw/store/hechino%E5%81%9A%E8%8C%B6%E8%8F%9C/Uidcy-Z0TgCLzGb3xhx3Nw?diningMode=DELIVERY&pl=JTdCJTIyYWRkcmVzcyUyMiUzQSUyMiVFOCU4NyVCQSVFNCVCOCVBRCVFNSU4NSVBQyVFNSU5QyU5MiUyMiUyQyUyMnJlZmVyZW5jZSUyMiUzQSUyMkNoSUo1U1FXbTJzOWFUUVJPOUNSeVBCWFRoQSUyMiUyQyUyMnJlZmVyZW5jZVR5cGUlMjIlM0ElMjJnb29nbGVfcGxhY2VzJTIyJTJDJTIybGF0aXR1ZGUlMjIlM0EyNC4xNDQ4MTg1JTJDJTIybG9uZ2l0dWRlJTIyJTNBMTIwLjY4NDQ3NjIlN0Q%3D&ps=1', NULL, 0, 1, 1, 1, 1, 1, '../upload/shop_id_39/info_img/logo-39.jpg', NULL, '../upload/shop_id_39/info_img/preview-39.jpg', 'mosamosa', NULL, '2023-05-08 02:50:00'),
(40, '87291967', '小西藏', 6, '台中市西屯區慶和街2號', '04-2452-2452', 'service4@service.com.tw', '11:30', '14:30', '17:30', '22:30', '4', 2, 'https://www.ubereats.com/tw/store/%E5%B0%8F%E8%A5%BF%E8%97%8F%E9%A4%A8-little-tibet-%E9%80%A2%E7%94%B2%E5%BF%85%E5%90%83%E7%BE%8E%E9%A3%9F/1bZz76WBU8qPxrpIfBAW6Q?diningMode=DELIVERY&pl=JTdCJTIyYWRkcmVzcyUyMiUzQSUyMiVFOCU4NyVCQSVFNCVCOCVBRCVFNSU4NSVBQyVFNSU5QyU5MiUyMiUyQyUyMnJlZmVyZW5jZSUyMiUzQSUyMkNoSUo1U1FXbTJzOWFUUVJPOUNSeVBCWFRoQSUyMiUyQyUyMnJlZmVyZW5jZVR5cGUlMjIlM0ElMjJnb29nbGVfcGxhY2VzJTIyJTJDJTIybGF0aXR1ZGUlMjIlM0EyNC4xNDQ4MTg1JTJDJTIybG9uZ2l0dWRlJTIyJTNBMTIwLjY4NDQ3NjIlN0Q%3D&utm_campaign=place-action-link&utm_medium=organic&utm_source=google', 'https://www.foodpanda.com.tw/restaurant/ze1b/xiao-xi-cang-guan?utm_source=google&utm_medium=organic&utm_campaign=google_reserve_place_order_action', 0, 0, 0, 0, 1, 1, '../upload/shop_id_40/info_img/logo-40.jpg', NULL, '../upload/shop_id_40/info_img/preview-40.jpg', 'mosamosa', NULL, '2023-05-08 02:50:00'),
(41, '87291968', '陳明統爌肉飯', 1, '台中市東區忠孝路304號', '04-2281-2407', 'service5@service.com.tw', '10:30', '15:30', '16:30', '19:30', '7', 4, 'https://www.ubereats.com/tw/store/%E9%99%B3%E6%98%8E%E7%B5%B1%E7%88%8C%E8%82%89%E9%A3%AF-%E4%BA%94%E5%8D%81%E5%B9%B4%E8%80%81%E5%BA%97/_TN8mnvcRpWstvOxCSOy5A?utm_campaign=place-action-link&utm_medium=organic&utm_source=google', NULL, 0, 0, 1, 0, 0, 0, '../upload/shop_id_41/info_img/logo-41.jpg', NULL, '../upload/shop_id_41/info_img/preview-41.jpg', 'mosamosa', NULL, '2023-05-08 02:50:00'),
(42, '87291969', '九州日式豚骨拉麵', 4, '404台中市北區三民路三段120巷1號', '04-2223-1383', 'service6@service.com.tw', '11:00', '20:00', NULL, NULL, '7', 8, NULL, 'https://www.foodpanda.com.tw/restaurant/ipxh/jiu-zhou-ri-shi-tun-gu-la-mian-tai-zhong-zhong-dian', 0, 0, 0, 1, 1, 1, '../upload/shop_id_42/info_img/logo-42.jpg', NULL, '../upload/shop_id_42/info_img/preview-42.jpg', 'mosamosa', NULL, '2023-05-08 02:50:00'),
(43, '87291970', '平禄寿司', 4, '404台中市北區五權路409號', '04-2206-9688', 'service7@service.com.tw', '11:00', '20:30', NULL, NULL, NULL, 8, 'https://www.ubereats.com/tw/store/%E5%B9%B3%E7%A6%84%E5%AF%BF%E5%8F%B8/_F5nBCGxSi-VCzrGl71Lkg?diningMode=DELIVERY&ps=1', 'https://www.foodpanda.com.tw/restaurant/srwc/ping-lu-shou-si', 1, 1, 0, 1, 1, 1, '../upload/shop_id_43/info_img/logo-43.jpg', NULL, '../upload/shop_id_43/info_img/preview-43.jpg', 'mosamosa', NULL, '2023-05-08 02:50:00'),
(44, '87291971', '祈樂丼飯食堂', 1, '401台中市東區尚武路17巷8號', '0907-097-385', 'service8@service.com.tw', '16:00', '00:00', NULL, NULL, '3', 8, 'https://www.ubereats.com/store/%E7%A5%88%E6%A8%82%E4%B8%BC%E9%A3%AF%E9%A3%9F%E5%A0%82/ADXOJlxNU669HmS_XOvlMw?diningMode=DELIVERY&ps=1', 'https://www.foodpanda.com.tw/restaurant/mnlk/qi-le-jing-fan-shi-tang', 0, 0, 0, 1, 1, 1, '../upload/shop_id_44/info_img/logo-44.jpg', NULL, '../upload/shop_id_44/info_img/preview-44.jpg', 'mosamosa', NULL, '2023-05-08 02:50:00'),
(45, '87291972', '雞樂炸雞 (台中大智店)', 1, '401台中市東區大智路53號', '04-2227-5252', 'service9@service.com.tw', '15:50', '23:59', NULL, NULL, NULL, 10, 'https://www.ubereats.com/tw/store/%E9%9B%9E%E6%A8%82%E7%82%B8%E9%9B%9E-%E5%A4%A7%E6%99%BA%E5%BA%97/LMcq2cq9QR6-2pLmOEk3XQ?diningMode=DELIVERY&ps=1', 'https://www.foodpanda.com.tw/restaurant/r2rh/ji-le-zha-ji-tai-zhong-da-zhi-dian', 0, 0, 0, 1, 1, 1, '../upload/shop_id_45/info_img/logo-45.jpg', NULL, '../upload/shop_id_45/info_img/preview-45.jpg', 'mosamosa', NULL, '2023-05-08 02:50:00'),
(46, '87291973', '想ㄔ 肉蛋吐司', 2, '403台中市西區中美街440號', '0956-067-055', 'service1@service.com.tw', '06:30', '12:45', NULL, NULL, '3,4', 9, 'https://www.ubereats.com/tw/store/%E6%83%B3%E3%84%94-%E8%82%89%E8%9B%8B%E5%90%90%E5%8F%B8/iQDxuH1JR9iYSnOnmV2Rqg?diningMode=DELIVERY', 'https://www.foodpanda.com.tw/restaurant/q7zx/xiang-chrou-dan-tu-si', 0, 1, 0, 1, 0, 0, '../upload/shop_id_46/info_img/logo-46.jpg', NULL, '../upload/shop_id_46/info_img/preview-46.jpg', 'mosamosa', NULL, '2023-05-08 02:50:00'),
(47, '87291974', '早午餐加油站 GA U x BRUNCH', 2, '40359台中市西區大忠街34號', '04-2471-1107', 'service2@service.com.tw', '06:30', '13:30', NULL, NULL, NULL, 9, 'https://www.ubereats.com/tw/store/%E6%97%A9%E5%8D%88%E9%A4%90%E5%8A%A0%E6%B2%B9%E7%AB%99-ga-u-x-brunch/jhZrx1VWTeemw0CXXiS09w?diningMode=DELIVERY&ps=1', 'https://www.foodpanda.com.tw/restaurant/pgm4/zao-wu-can-jia-you-zhan', 0, 1, 0, 1, 0, 0, '../upload/shop_id_47/info_img/logo-47.jpg', NULL, '../upload/shop_id_47/info_img/preview-47.jpg', 'mosamosa', NULL, '2023-05-08 02:50:00'),
(48, '87291975', '巷口炸雞 (美村南店)', 3, '402台中市南區美村南路68-5號', '0983-402-090', 'service3@service.com.tw', '16:00', '23:59', NULL, NULL, NULL, 10, 'https://www.ubereats.com/tw/store/%E5%B7%B7%E5%8F%A3%E7%82%B8%E9%9B%9E%E5%B0%88%E9%96%80%E5%BA%97-%E5%8F%B0%E4%B8%AD%E7%BE%8E%E6%9D%91%E5%8D%97%E5%BA%97/NfaUtUdjUCGUSg_4vbxnBg?diningMode=DELIVERY', 'https://www.foodpanda.com.tw/restaurant/cjpl/xiang-kou-zha-ji-mei-cun-nan-dian', 0, 0, 0, 1, 1, 1, '../upload/shop_id_48/info_img/logo-48.jpg', NULL, '../upload/shop_id_48/info_img/preview-48.jpg', 'mosamosa', NULL, '2023-05-08 02:50:00'),
(49, '87291976', '六星炸雞 (台中工學店)', 3, '402台中市南區工學路32號', '04-2263-1851', 'service4@service.com.tw', '11:00', '20:00', NULL, NULL, NULL, 10, 'https://www.ubereats.com/tw/store/%E5%85%AD%E6%98%9F%E7%82%B8%E9%9B%9E-%E5%8F%B0%E4%B8%AD%E5%B7%A5%E5%AD%B8%E5%BA%97/nYCXthhCXnW3Jja6AecSSg?diningMode=PICKUP&', 'https://www.foodpanda.com.tw/restaurant/jzj5/liu-xing-zha-ji-tai-zhong-gong-xue-dian', 0, 0, 0, 1, 1, 1, '../upload/shop_id_49/info_img/logo-49.jpg', NULL, '../upload/shop_id_49/info_img/preview-49.jpg', 'mosamosa', NULL, '2023-05-08 02:50:00'),
(50, '87291977', 'Apple203 早午餐 台中民權店', 5, '400台中市中區民權路112號', '04-2225-9955', 'service5@service.com.tw', '04:30', '13:00', NULL, NULL, '7', 9, 'https://www.ubereats.com/tw/store/apple203-%E6%97%A9%E5%8D%88%E9%A4%90-%E5%8F%B0%E4%B8%AD%E6%B0%91%E6%AC%8A%E5%BA%97/o9OOStuIU6uFoCYxoSfHQw?diningMode=DELIVERY&ps=1', 'https://www.foodpanda.com.tw/restaurant/ky3t/apple203-zao-wu-can-tai-zhong-min-quan-dian', 0, 0, 0, 1, 0, 0, '../upload/shop_id_50/info_img/logo-50.jpg', NULL, '../upload/shop_id_50/info_img/preview-50.jpg', 'mosamosa', NULL, '2023-05-08 02:50:00'),
(51, '87291978', '大匠厚切豬排飯', 5, '400台中市中區中華路一段154巷10號', '04-2229-3363', 'service6@service.com.tw', '11:00', '14:00', '16:00', '23:59', NULL, 8, 'https://www.ubereats.com/tw/store/%E4%B8%AD%E8%8F%AF%E5%A4%9C%E5%B8%82-%E5%A4%A7%E5%8C%A0%E6%97%A5%E5%BC%8F%E5%8E%9A%E5%88%87%E8%B1%AC%E6%8E%92%E9%A3%AF/8iDBsMtAXJ2GXjbRrZXgiA?diningMode=DELIVERY&ps=1', 'https://www.foodpanda.com.tw/restaurant/polz/da-jiang-hou-qie-zhu-pai-fan', 0, 1, 0, 1, 1, 1, '../upload/shop_id_51/info_img/logo-51.jpg', NULL, '../upload/shop_id_51/info_img/preview-51.jpg', 'mosamosa', NULL, '2023-05-08 02:50:00'),
(52, '87291979', '不二壽司 / 生魚片', 8, '404台中市北區北屯路14-7號', '04-2234-0469', 'service7@service.com.tw', '11:30', '20:30', NULL, NULL, '1', 8, 'https://www.ubereats.com/tw/store/%E4%B8%8D%E4%BA%8C%E5%A3%BD%E5%8F%B8/ieWBWFcZQ1CkR7rGepA56A?diningMode=DELIVERY&ps=1', 'https://www.foodpanda.com.tw/restaurant/e0rb/bu-er-shou-si-sheng-yu-pian', 0, 1, 0, 1, 1, 1, '../upload/shop_id_52/info_img/logo-52.jpg', NULL, '../upload/shop_id_52/info_img/preview-52.jpg', 'mosamosa', NULL, '2023-05-08 02:50:00'),
(53, '87291980', '阿蘭雞排 昌平店', 8, '406台中市北屯區昌平路二段5-21號', '09-6325-8760', 'service8@service.com.tw', '18:00', '11:59', '00:00', '02:00', '7', 10, 'https://www.ubereats.com/tw/store/%E9%98%BF%E8%98%AD%E9%9B%9E%E6%8E%92-%E6%98%8C%E5%B9%B3%E5%BA%97/fSGpyaGlT-mT9H80bCm9sA?diningMode=DELIVERY&ps=1', 'https://www.foodpanda.com.tw/restaurant/z6cm/a-lan-ji-pai-tai-zhong-chang-ping-dian', 0, 0, 0, 1, 0, 0, '../upload/shop_id_53/info_img/logo-53.jpg', NULL, '../upload/shop_id_53/info_img/preview-53.jpg', 'mosamosa', NULL, '2023-05-08 02:50:00'),
(54, '87291981', '他給吐司', 6, '407038台中市西屯區櫻花路108號', '04-2317-0065', 'service9@service.com.tw', '06:30', '12:30', NULL, NULL, '7', 9, 'https://www.ubereats.com/tw/store/%E4%BB%96%E7%B5%A6%E5%90%90%E5%8F%B8-%E6%AB%BB%E8%8A%B1%E5%BA%97/_5X67yJiTf-4muNHX0d5DA?diningMode=PICKUP&ps=1', 'https://www.foodpanda.com.tw/restaurant/vcrb/ta-gei-tu-si-xi-tun-ying-hua-dian', 0, 0, 0, 1, 1, 1, '../upload/shop_id_54/info_img/logo-54.jpg', NULL, '../upload/shop_id_54/info_img/preview-54.jpg', 'mosamosa', NULL, '2023-05-08 02:50:00'),
(55, '87291982', '初瑟雞排', 7, '408台中市南屯區黎明路一段1105號', '0916-952-697', 'service1@service.com.tw', '15:00', '22:00', NULL, NULL, NULL, 10, 'https://www.ubereats.com/tw/store/%E5%88%9D%E7%91%9F%E9%9B%9E%E6%8E%92/3TKeXH6wTLq010xLA313hg?diningMode=DELIVERY&ps=1', 'https://www.foodpanda.com.tw/restaurant/z3lm/chu-se-ji-pai', 0, 0, 0, 1, 0, 0, '../upload/shop_id_55/info_img/logo-55.jpg', NULL, '../upload/shop_id_55/info_img/preview-55.jpg', 'mosamosa', NULL, '2023-05-08 02:50:00'),
(56, '87291983', 'Morni莫尼早午餐 大墩店', 7, '408台中市南屯區大墩十二街121號', '04-2320-9058', 'service2@service.com.tw', '06:40', '14:00', NULL, NULL, '1', 9, 'https://www.ubereats.com/tw/store/morni%E8%8E%AB%E5%B0%BC%E6%97%A9%E5%8D%88%E9%A4%90-%E5%A4%A7%E5%A2%A9%E5%BA%97/hu-2nZ_3QpG9oQUsLruYPw?diningMode=DELIVERY&ps=1', 'https://www.foodpanda.com.tw/restaurant/z5nb/mornimo-ni-zao-can-tai-zhong-da-dun-dian', 0, 1, 0, 1, 1, 1, '../upload/shop_id_56/info_img/logo-56.jpg', NULL, '../upload/shop_id_56/info_img/preview-56.jpg', 'mosamosa', NULL, '2023-05-08 02:50:00'),
(57, '87291984', 'Mr.body健身舒肥水煮餐盒 中友店', 4, '台中市北區錦平街27號', '0958-105-168', 'service3@service.com.tw', '11:00', '14:00', '17:00', '19:30', '3,7', 5, 'https://www.ubereats.com/tw/store/%E4%B8%80%E4%B8%AD%E5%95%86%E5%9C%88-mrbody%E5%81%A5%E8%BA%AB%E8%88%92%E8%82%A5%E6%B0%B4%E7%85%AE%E9%A4%90%E7%9B%92/aGTlz-AqT2uAd6EAxWfYEA?diningMode=PICKUP&mod=storeDeliveryTime&modctx=%257B%2522entryPoint%2522%253A%2522store-auto-surface%2522%252C%2522encodedStoreUuid%2522%253A%2522aGTlz-AqT2uAd6EAxWfYEA%2522%257D&pl=JTdCJTIyYWRkcmVzcyUyMiUzQSUyMiVFNSVBRiVCNiVFNSVCMSVCMSVFOCVCNyVBRjQyMiVFOCU5OSU5RiUyMiUyQyUyMnJlZmVyZW5jZSUyMiUzQSUyMkVqeE9ieTRnTkRJeUxDQkNZVzl6YUdGdUlGSmtMQ0JGWVhOMElFUnBjM1J5YVdOMExDQkljMmx1WTJoMUlFTnBkSGtzSUZSaGFYZGhiaUF6TURBaVVSSlBDalFLTWdrRDY3S29CelpvTkJGSEp3U1hvTWwyTGhvZUN4RHV3ZTZoQVJvVUNoSUp3Nmk0ZEs4MWFEUVJDUnBJSmpSR1cta01FS1lES2hRS0VnbnQ2NnZWNGpWb05CSHRQUTA0MklYNWlBJTIyJTJDJTIycmVmZXJlbmNlVHlwZSUyMiUzQSUyMmdvb2dsZV9wbGFjZXMlMjIlMkMlMjJsYXRpdHVkZSUyMiUzQTI0Ljc4NDc5ODglMkMlMjJsb25naXR1ZGUlMjIlM0ExMjAuOTg5OTY5NSU3RA%3D%3D&ps=1&utm_campaign=place-action-link&utm_medium=organic&utm_source=google', 'https://www.foodpanda.com.tw/restaurant/k0c5/mr-bodyjian-shen-shu-fei-shui-zhu-can-he-tai-zhong-zhong-you-dian?utm_source=google&utm_medium=organic&utm_campaign=google_reserve_place_order_action', 0, 0, 0, 0, 0, 0, '../upload/shop_id_57/info_img/logo-57.jpg', NULL, '../upload/shop_id_57/info_img/preview-57.jpg', 'mosamosa', NULL, '2023-05-08 02:50:00'),
(58, '87291985', '石饕鐵板低卡餐盒坊 逢甲河南店', 6, '台中市西屯區河南路二段430號', '04-2452-2121', 'service4@service.com.tw', '11:00', '14:00', '17:00', '20:00', '3,7', 5, NULL, 'https://www.foodpanda.com.tw/restaurant/seyy/shi-tao-tie-ban-di-qia-can-he-fang-feng-jia-he-nan-dian?utm_source=google&utm_medium=organic&utm_campaign=google_reserve_place_order_action', 0, 0, 0, 0, 0, 0, '../upload/shop_id_58/info_img/logo-58.jpg', NULL, '../upload/shop_id_58/info_img/preview-58.jpg', 'mosamosa', NULL, '2023-05-08 02:50:00'),
(59, '87291986', '初舞', 7, '台中市南屯區五權西路二段685號', '04-2389-2912', 'service5@service.com.tw', '11:00', '14:00', '17:00', '19:30', '7', 5, 'https://www.ubereats.com/tw/store/%E5%88%9D%E8%88%9E%E9%A3%9F%E5%81%A5%E5%BA%B7%E9%A4%90%E7%9B%92-%E8%BC%95%E9%A3%9F/iaq4pWiWWDCcxserqdU6vw?diningMode=DELIVERY&pl=JTdCJTIyYWRkcmVzcyUyMiUzQSUyMiVFNSVBRiVCNiVFNSVCMSVCMSVFOCVCNyVBRjQyMiVFOCU5OSU5RiUyMiUyQyUyMnJlZmVyZW5jZSUyMiUzQSUyMkVqeE9ieTRnTkRJeUxDQkNZVzl6YUdGdUlGSmtMQ0JGWVhOMElFUnBjM1J5YVdOMExDQkljMmx1WTJoMUlFTnBkSGtzSUZSaGFYZGhiaUF6TURBaVVSSlBDalFLTWdrRDY3S29CelpvTkJGSEp3U1hvTWwyTGhvZUN4RHV3ZTZoQVJvVUNoSUp3Nmk0ZEs4MWFEUVJDUnBJSmpSR1cta01FS1lES2hRS0VnbnQ2NnZWNGpWb05CSHRQUTA0MklYNWlBJTIyJTJDJTIycmVmZXJlbmNlVHlwZSUyMiUzQSUyMmdvb2dsZV9wbGFjZXMlMjIlMkMlMjJsYXRpdHVkZSUyMiUzQTI0Ljc4NDc5ODglMkMlMjJsb25naXR1ZGUlMjIlM0ExMjAuOTg5OTY5NSU3RA%3D%3D&utm_campaign=place-action-link&utm_medium=organic&utm_source=google', 'https://www.foodpanda.com.tw/restaurant/ssgd/chu-wu-shi-jian-kang-can-he-qing-shi?utm_source=google&utm_medium=organic&utm_campaign=google_reserve_place_order_action', 0, 0, 0, 0, 1, 1, '../upload/shop_id_59/info_img/logo-59.jpg', NULL, '../upload/shop_id_59/info_img/preview-59.jpg', 'mosamosa', NULL, '2023-05-08 02:50:00'),
(60, '87291987', '裏享餐盒', 3, '台中市南區東興路一段32號', '04-2261-8889', 'service6@service.com.tw', '11:00', '14:00', '16:40', '19:30', NULL, 5, 'https://www.ubereats.com/tw/store/%E8%A3%8F%E4%BA%AB%E9%A4%90%E7%9B%92/YmAsGV5qXhWV9hyeFqrlHg?diningMode=DELIVERY&pl=JTdCJTIyYWRkcmVzcyUyMiUzQSUyMiVFNSVBRiVCNiVFNSVCMSVCMSVFOCVCNyVBRjQyMiVFOCU5OSU5RiUyMiUyQyUyMnJlZmVyZW5jZSUyMiUzQSUyMkVqeE9ieTRnTkRJeUxDQkNZVzl6YUdGdUlGSmtMQ0JGWVhOMElFUnBjM1J5YVdOMExDQkljMmx1WTJoMUlFTnBkSGtzSUZSaGFYZGhiaUF6TURBaVVSSlBDalFLTWdrRDY3S29CelpvTkJGSEp3U1hvTWwyTGhvZUN4RHV3ZTZoQVJvVUNoSUp3Nmk0ZEs4MWFEUVJDUnBJSmpSR1cta01FS1lES2hRS0VnbnQ2NnZWNGpWb05CSHRQUTA0MklYNWlBJTIyJTJDJTIycmVmZXJlbmNlVHlwZSUyMiUzQSUyMmdvb2dsZV9wbGFjZXMlMjIlMkMlMjJsYXRpdHVkZSUyMiUzQTI0Ljc4NDc5ODglMkMlMjJsb25naXR1ZGUlMjIlM0ExMjAuOTg5OTY5NSU3RA%3D%3D&utm_campaign=place-action-link&utm_medium=organic&utm_source=google', 'https://www.foodpanda.com.tw/restaurant/b5aw/li-xiang-can-he?utm_source=google&utm_medium=organic&utm_campaign=google_reserve_place_order_action', 0, 0, 0, 0, 1, 1, '../upload/shop_id_60/info_img/logo-60.jpg', NULL, '../upload/shop_id_60/info_img/preview-60.jpg', 'mosamosa', NULL, '2023-05-08 02:50:00'),
(61, '87291988', '隨主飡法式水煮專賣低卡輕食餐盒 (台中北屯店)', 8, '台中市北屯區北平路三段12號', '0907-007-001', 'service7@service.com.tw', '11:00', '14:00', '16:00', '20:00', '7', 5, 'https://www.ubereats.com/tw/store/%E9%9A%A8%E4%B8%BB%E9%A3%A1%E6%B3%95%E5%BC%8F%E6%B0%B4%E7%85%AE%E5%B0%88%E8%B3%A3-%E5%8C%97%E5%B1%AF%E5%BA%97/TDKkjqFeSC2El9MTyFhCRQ?diningMode=PICKUP&pl=JTdCJTIyYWRkcmVzcyUyMiUzQSUyMiVFNSVBRiVCNiVFNSVCMSVCMSVFOCVCNyVBRjQyMiVFOCU5OSU5RiUyMiUyQyUyMnJlZmVyZW5jZSUyMiUzQSUyMkVqeE9ieTRnTkRJeUxDQkNZVzl6YUdGdUlGSmtMQ0JGWVhOMElFUnBjM1J5YVdOMExDQkljMmx1WTJoMUlFTnBkSGtzSUZSaGFYZGhiaUF6TURBaVVSSlBDalFLTWdrRDY3S29CelpvTkJGSEp3U1hvTWwyTGhvZUN4RHV3ZTZoQVJvVUNoSUp3Nmk0ZEs4MWFEUVJDUnBJSmpSR1cta01FS1lES2hRS0VnbnQ2NnZWNGpWb05CSHRQUTA0MklYNWlBJTIyJTJDJTIycmVmZXJlbmNlVHlwZSUyMiUzQSUyMmdvb2dsZV9wbGFjZXMlMjIlMkMlMjJsYXRpdHVkZSUyMiUzQTI0Ljc4NDc5ODglMkMlMjJsb25naXR1ZGUlMjIlM0ExMjAuOTg5OTY5NSU3RA%3D%3D&utm_campaign=place-action-link&utm_medium=organic&utm_source=google', 'https://www.foodpanda.com.tw/restaurant/nvah/sui-zhu-can-fa-shi-shui-zhu-zhuan-mai-di-qia-qing-shi-can-he-tai-zhong-bei-tun-dian?utm_source=google&utm_medium=organic&utm_campaign=google_reserve_place_order_action', 0, 0, 0, 1, 1, 1, '../upload/shop_id_61/info_img/logo-61.jpg', NULL, '../upload/shop_id_61/info_img/preview-61.jpg', 'mosamosa', NULL, '2023-05-08 02:50:00'),
(62, '87291989', 'NENE CHICKEN 中山醫大店', 3, '台中市南區建國北路一段110號', '04-2471-8886', 'service8@service.com.tw', '11:00', '20:00', NULL, NULL, NULL, 7, 'https://www.ubereats.com/tw/store/nene-chicken-%E4%B8%AD%E5%B1%B1%E9%86%AB%E5%A4%A7%E5%BA%97/3Olxk5uxWn6lC4SkTX-6jA?diningMode=DELIVERY&pl=JTdCJTIyYWRkcmVzcyUyMiUzQSUyMiVFNSVBRiVCNiVFNSVCMSVCMSVFOCVCNyVBRjQyMiVFOCU5OSU5RiUyMiUyQyUyMnJlZmVyZW5jZSUyMiUzQSUyMkVqeE9ieTRnTkRJeUxDQkNZVzl6YUdGdUlGSmtMQ0JGWVhOMElFUnBjM1J5YVdOMExDQkljMmx1WTJoMUlFTnBkSGtzSUZSaGFYZGhiaUF6TURBaVVSSlBDalFLTWdrRDY3S29CelpvTkJGSEp3U1hvTWwyTGhvZUN4RHV3ZTZoQVJvVUNoSUp3Nmk0ZEs4MWFEUVJDUnBJSmpSR1cta01FS1lES2hRS0VnbnQ2NnZWNGpWb05CSHRQUTA0MklYNWlBJTIyJTJDJTIycmVmZXJlbmNlVHlwZSUyMiUzQSUyMmdvb2dsZV9wbGFjZXMlMjIlMkMlMjJsYXRpdHVkZSUyMiUzQTI0Ljc4NDc5ODglMkMlMjJsb25naXR1ZGUlMjIlM0ExMjAuOTg5OTY5NSU3RA%3D%3D&utm_campaign=place-action-link&utm_medium=organic&utm_source=google', NULL, 1, 1, 0, 1, 1, 1, '../upload/shop_id_62/info_img/logo-62.jpg', '../upload/shop_id_62/info_img/banner-62.jpg', '../upload/shop_id_62/info_img/preview-62.jpg', 'mosamosa', 'https://www.google.com/maps/embed?pb=!1m18!1m12!1m3!1d3641.4319383257393!2d120.64839207416654!3d24.12146457841902!2m3!1f0!2f0!3f0!3m2!1i1024!2i768!4f13.1!3m3!1m2!1s0x34693db20aeed9ef%3A0x54aacda913b7a9b4!2zTkVORSBDSElDS0VOIOS4reWxsemGq-Wkp-W6lw!5e0!3m2!1szh-TW!2stw!4v1683163466216!5m2!1szh-TW!2stw', '2023-05-08 09:47:16'),
(63, '87291990', '閣樓1981韓式炸雞', 2, '台中市西區公正路187號', '04-2301-0832', 'service9@service.com.tw', '14:30', '22:00', NULL, NULL, '1,2', 7, 'https://www.ubereats.com/tw/store/%E9%96%A3%E6%A8%931981%E9%9F%93%E5%BC%8F%E7%82%B8%E9%9B%9E/DwGW3D5dSAenO43dnulTyQ?diningMode=DELIVERY&pl=JTdCJTIyYWRkcmVzcyUyMiUzQSUyMiVFNSVBRiVCNiVFNSVCMSVCMSVFOCVCNyVBRjQyMiVFOCU5OSU5RiUyMiUyQyUyMnJlZmVyZW5jZSUyMiUzQSUyMkVqeE9ieTRnTkRJeUxDQkNZVzl6YUdGdUlGSmtMQ0JGWVhOMElFUnBjM1J5YVdOMExDQkljMmx1WTJoMUlFTnBkSGtzSUZSaGFYZGhiaUF6TURBaVVSSlBDalFLTWdrRDY3S29CelpvTkJGSEp3U1hvTWwyTGhvZUN4RHV3ZTZoQVJvVUNoSUp3Nmk0ZEs4MWFEUVJDUnBJSmpSR1cta01FS1lES2hRS0VnbnQ2NnZWNGpWb05CSHRQUTA0MklYNWlBJTIyJTJDJTIycmVmZXJlbmNlVHlwZSUyMiUzQSUyMmdvb2dsZV9wbGFjZXMlMjIlMkMlMjJsYXRpdHVkZSUyMiUzQTI0Ljc4NDc5ODglMkMlMjJsb25naXR1ZGUlMjIlM0ExMjAuOTg5OTY5NSU3RA%3D%3D&utm_campaign=place-action-link&utm_medium=organic&utm_source=google', 'https://www.foodpanda.com.tw/restaurant/lmej/ge-lou-1981han-shi-zha-ji?utm_source=google&utm_medium=organic&utm_campaign=google_reserve_place_order_action', 0, 0, 0, 0, 0, 0, '../upload/shop_id_63/info_img/logo-63.jpg', NULL, '../upload/shop_id_63/info_img/preview-63.jpg', 'mosamosa', NULL, '2023-05-08 02:50:00'),
(64, '87291991', '朴大哥的韓式炸雞-一中直營店', 4, '台中市北區三民路三段60號', '04-2229-6551', 'service1@service.com.tw', '14:00', '22:00', NULL, NULL, NULL, 7, 'https://www.ubereats.com/tw/store/%E6%9C%B4%E5%A4%A7%E5%93%A5%E7%9A%84%E9%9F%93%E5%BC%8F%E7%82%B8%E9%9B%9E-%E4%B8%80%E4%B8%AD%E5%BA%97/wjW6a4AUQlqRyjZeEfl3Lw?diningMode=DELIVERY&pl=JTdCJTIyYWRkcmVzcyUyMiUzQSUyMiVFNSVBRiVCNiVFNSVCMSVCMSVFOCVCNyVBRjQyMiVFOCU5OSU5RiUyMiUyQyUyMnJlZmVyZW5jZSUyMiUzQSUyMkVqeE9ieTRnTkRJeUxDQkNZVzl6YUdGdUlGSmtMQ0JGWVhOMElFUnBjM1J5YVdOMExDQkljMmx1WTJoMUlFTnBkSGtzSUZSaGFYZGhiaUF6TURBaVVSSlBDalFLTWdrRDY3S29CelpvTkJGSEp3U1hvTWwyTGhvZUN4RHV3ZTZoQVJvVUNoSUp3Nmk0ZEs4MWFEUVJDUnBJSmpSR1cta01FS1lES2hRS0VnbnQ2NnZWNGpWb05CSHRQUTA0MklYNWlBJTIyJTJDJTIycmVmZXJlbmNlVHlwZSUyMiUzQSUyMmdvb2dsZV9wbGFjZXMlMjIlMkMlMjJsYXRpdHVkZSUyMiUzQTI0Ljc4NDc5ODglMkMlMjJsb25naXR1ZGUlMjIlM0ExMjAuOTg5OTY5NSU3RA%3D%3D&utm_campaign=place-action-link&utm_medium=organic&utm_source=google', 'https://www.foodpanda.com.tw/restaurant/mqjd/po-da-ge-de-han-shi-zha-ji-tai-zhong-zhong-dian?utm_source=google&utm_medium=organic&utm_campaign=google_reserve_place_order_action', 0, 0, 0, 1, 1, 1, '../upload/shop_id_64/info_img/logo-64.jpg', NULL, '../upload/shop_id_64/info_img/preview-64.jpg', 'mosamosa', NULL, '2023-05-08 02:50:00'),
(65, '87291992', '宅樂咖啡 大墩店', 7, '台中市南屯區大墩十一街154號', '04-2320-7989', 'service2@service.com.tw', '10:00', '18:00', NULL, NULL, NULL, 6, 'https://www.ubereats.com/tw/store/zeller-coffee-%E5%AE%85%E6%A8%82%E5%92%96%E5%95%A1/tElCXhgfQRC1E5JCjgKb_Q?diningMode=PICKUP&pl=JTdCJTIyYWRkcmVzcyUyMiUzQSUyMiVFNSVBRiVCNiVFNSVCMSVCMSVFOCVCNyVBRjQyMiVFOCU5OSU5RiUyMiUyQyUyMnJlZmVyZW5jZSUyMiUzQSUyMkVqeE9ieTRnTkRJeUxDQkNZVzl6YUdGdUlGSmtMQ0JGWVhOMElFUnBjM1J5YVdOMExDQkljMmx1WTJoMUlFTnBkSGtzSUZSaGFYZGhiaUF6TURBaVVSSlBDalFLTWdrRDY3S29CelpvTkJGSEp3U1hvTWwyTGhvZUN4RHV3ZTZoQVJvVUNoSUp3Nmk0ZEs4MWFEUVJDUnBJSmpSR1cta01FS1lES2hRS0VnbnQ2NnZWNGpWb05CSHRQUTA0MklYNWlBJTIyJTJDJTIycmVmZXJlbmNlVHlwZSUyMiUzQSUyMmdvb2dsZV9wbGFjZXMlMjIlMkMlMjJsYXRpdHVkZSUyMiUzQTI0Ljc4NDc5ODglMkMlMjJsb25naXR1ZGUlMjIlM0ExMjAuOTg5OTY5NSU3RA%3D%3D&utm_campaign=place-action-link&utm_medium=organic&utm_source=google', NULL, 0, 0, 0, 1, 1, 1, '../upload/shop_id_65/info_img/logo-65.jpg', NULL, '../upload/shop_id_65/info_img/preview-65.jpg', 'mosamosa', NULL, '2023-05-08 02:50:00');
INSERT INTO `shop` (`shop_id`, `shop_tax_id`, `shop_name`, `location_id`, `shop_address`, `shop_phone`, `shop_email`, `shop_start_1`, `shop_end_1`, `shop_start_2`, `shop_end_2`, `shop_break`, `class_id`, `shop_uber`, `shop_panda`, `shop_parking`, `shop_child`, `shop_pet`, `shop_credit_card`, `shop_linepay`, `shop_jkopay`, `shop_logo_img`, `shop_index_img`, `shop_preview_img`, `shop_pw`, `shop_map_api`, `created_at`) VALUES
(66, '87291993', '黑浮咖啡 台中崇德店', 8, '台中市北屯區崇德路三段207號', '04-2422-0302', 'service3@service.com.tw', '11:00', '21:00', NULL, NULL, NULL, 6, 'https://www.ubereats.com/tw/store/zeller-coffee-%E5%AE%85%E6%A8%82%E5%92%96%E5%95%A1/tElCXhgfQRC1E5JCjgKb_Q?diningMode=PICKUP&pl=JTdCJTIyYWRkcmVzcyUyMiUzQSUyMiVFNSVBRiVCNiVFNSVCMSVCMSVFOCVCNyVBRjQyMiVFOCU5OSU5RiUyMiUyQyUyMnJlZmVyZW5jZSUyMiUzQSUyMkVqeE9ieTRnTkRJeUxDQkNZVzl6YUdGdUlGSmtMQ0JGWVhOMElFUnBjM1J5YVdOMExDQkljMmx1WTJoMUlFTnBkSGtzSUZSaGFYZGhiaUF6TURBaVVSSlBDalFLTWdrRDY3S29CelpvTkJGSEp3U1hvTWwyTGhvZUN4RHV3ZTZoQVJvVUNoSUp3Nmk0ZEs4MWFEUVJDUnBJSmpSR1cta01FS1lES2hRS0VnbnQ2NnZWNGpWb05CSHRQUTA0MklYNWlBJTIyJTJDJTIycmVmZXJlbmNlVHlwZSUyMiUzQSUyMmdvb2dsZV9wbGFjZXMlMjIlMkMlMjJsYXRpdHVkZSUyMiUzQTI0Ljc4NDc5ODglMkMlMjJsb25naXR1ZGUlMjIlM0ExMjAuOTg5OTY5NSU3RA%3D%3D&utm_campaign=place-action-link&utm_medium=organic&utm_source=google', 'https://www.foodpanda.com.tw/restaurant/e3fy/hei-fu-ka-pei-tai-zhong-chong-de-dian?utm_source=google&utm_medium=organic&utm_campaign=google_reserve_place_order_action', 0, 0, 0, 1, 1, 1, '../upload/shop_id_66/info_img/logo-66.jpg', NULL, '../upload/shop_id_66/info_img/preview-66.jpg', 'mosamosa', NULL, '2023-05-08 02:50:00'),
(67, '87291994', 'mirror cafe競子咖啡', 2, '台中市西區模範街23巷3號', '04-2305-5747', 'service4@service.com.tw', '10:00', '18:00', NULL, NULL, '2,3,7', 6, 'https://www.ubereats.com/tw/store/mirror-cafe%E7%AB%B6%E5%AD%90%E5%92%96%E5%95%A1/3-ASqiIKT6qCG82Ka3cjDg?diningMode=DELIVERY&pl=JTdCJTIyYWRkcmVzcyUyMiUzQSUyMiVFNSVBRiVCNiVFNSVCMSVCMSVFOCVCNyVBRjQyMiVFOCU5OSU5RiUyMiUyQyUyMnJlZmVyZW5jZSUyMiUzQSUyMkVqeE9ieTRnTkRJeUxDQkNZVzl6YUdGdUlGSmtMQ0JGWVhOMElFUnBjM1J5YVdOMExDQkljMmx1WTJoMUlFTnBkSGtzSUZSaGFYZGhiaUF6TURBaVVSSlBDalFLTWdrRDY3S29CelpvTkJGSEp3U1hvTWwyTGhvZUN4RHV3ZTZoQVJvVUNoSUp3Nmk0ZEs4MWFEUVJDUnBJSmpSR1cta01FS1lES2hRS0VnbnQ2NnZWNGpWb05CSHRQUTA0MklYNWlBJTIyJTJDJTIycmVmZXJlbmNlVHlwZSUyMiUzQSUyMmdvb2dsZV9wbGFjZXMlMjIlMkMlMjJsYXRpdHVkZSUyMiUzQTI0Ljc4NDc5ODglMkMlMjJsb25naXR1ZGUlMjIlM0ExMjAuOTg5OTY5NSU3RA%3D%3D&utm_campaign=place-action-link&utm_medium=organic&utm_source=google', NULL, 0, 0, 0, 1, 1, 1, '../upload/shop_id_67/info_img/logo-67.jpg', NULL, '../upload/shop_id_67/info_img/preview-67.jpg', 'mosamosa', NULL, '2023-05-08 02:50:00'),
(68, '87291995', 'KATZ 卡司 · 新時代大魯閣 (韓藝料理)', 1, '台中市東區復興路四段186號7樓', '04-2228-7786', 'service5@service.com.tw', '11:00', '22:00', NULL, NULL, NULL, 7, NULL, 'https://www.foodpanda.com.tw/restaurant/dx4c/katz-qia-si-han-yi-liao-li-da-lu-ge-xin-shi-dai-dian?utm_source=google&utm_medium=organic&utm_campaign=google_reserve_place_order_action', 1, 1, 0, 1, 1, 1, '../upload/shop_id_68/info_img/logo-68.jpg', NULL, '../upload/shop_id_68/info_img/preview-68.jpg', 'mosamosa', NULL, '2023-05-08 02:50:00'),
(69, '87291996', '成真咖啡台中新時代店', 1, '台中市東區復興路四段186號', '04-2227-6696', 'service6@service.com.tw', '10:00', '22:00', NULL, NULL, NULL, 6, 'https://www.ubereats.com/tw/store/%E6%88%90%E7%9C%9F%E5%92%96%E5%95%A1-%E5%8F%B0%E4%B8%AD%E6%96%B0%E6%99%82%E4%BB%A3%E5%BA%97/Kjw9kpHdQ5KnWYzL3KNu9A?pl=JTdCJTIyYWRkcmVzcyUyMiUzQSUyMiVFNSVBRiVCNiVFNSVCMSVCMSVFOCVCNyVBRjQyMiVFOCU5OSU5RiUyMiUyQyUyMnJlZmVyZW5jZSUyMiUzQSUyMkVqeE9ieTRnTkRJeUxDQkNZVzl6YUdGdUlGSmtMQ0JGWVhOMElFUnBjM1J5YVdOMExDQkljMmx1WTJoMUlFTnBkSGtzSUZSaGFYZGhiaUF6TURBaVVSSlBDalFLTWdrRDY3S29CelpvTkJGSEp3U1hvTWwyTGhvZUN4RHV3ZTZoQVJvVUNoSUp3Nmk0ZEs4MWFEUVJDUnBJSmpSR1cta01FS1lES2hRS0VnbnQ2NnZWNGpWb05CSHRQUTA0MklYNWlBJTIyJTJDJTIycmVmZXJlbmNlVHlwZSUyMiUzQSUyMmdvb2dsZV9wbGFjZXMlMjIlMkMlMjJsYXRpdHVkZSUyMiUzQTI0Ljc4NDc5ODglMkMlMjJsb25naXR1ZGUlMjIlM0ExMjAuOTg5OTY5NSU3RA%3D%3D&utm_campaign=place-action-link&utm_medium=organic&utm_source=google', 'https://www.foodpanda.com.tw/restaurant/e2sn/cheng-zhen-ka-pei-tai-zhong-xin-shi-dai-dian?utm_source=google&utm_medium=organic&utm_campaign=google_reserve_place_order_action', 1, 1, 0, 1, 1, 1, '../upload/shop_id_69/info_img/logo-69.jpg', NULL, '../upload/shop_id_69/info_img/preview-69.jpg', 'mosamosa', NULL, '2023-05-08 02:50:00'),
(70, '87291997', 'Gang Nam 首爾韓鍋', 6, '台中市西屯區福星路591號', '04-2451-0538', 'service7@service.com.tw', '11:30', '14:30', '17:00', '21:30', NULL, 7, NULL, 'https://www.foodpanda.com.tw/restaurant/w3nd/gang-nam-shou-er-han-guo?utm_source=google&utm_medium=organic&utm_campaign=google_reserve_place_order_action', 0, 0, 0, 1, 1, 1, '../upload/shop_id_70/info_img/logo-70.jpg', NULL, '../upload/shop_id_70/info_img/preview-70.jpg', 'mosamosa', NULL, '2023-05-08 02:50:00'),
(71, '87291998', '阿二靚鍋', 4, '404台中市北區健行路449號', '04-2203-3997', 'service8@service.com.tw', '11:30', '14:30', '17:00', '22:30', NULL, 11, 'https://reurl.cc/a1EOOZ', NULL, 0, 1, 0, 1, 1, 1, '../upload/shop_id_71/info_img/logo-71.jpg', NULL, '../upload/shop_id_71/info_img/preview-71.jpg', 'mosamosa', NULL, '2023-05-08 02:50:00'),
(72, '87291999', '森鄰鍋物', 4, '404台中市北區中清路一段238號', '04-2203-0109', 'service9@service.com.tw', '11:00', '14:00', '17:00', '22:00', '1', 11, 'https://reurl.cc/OVQljv', 'https://reurl.cc/3Oy0ej', 0, 1, 0, 1, 1, 1, '../upload/shop_id_72/info_img/logo-72.jpg', NULL, '../upload/shop_id_72/info_img/preview-72.jpg', 'mosamosa', NULL, '2023-05-08 02:50:00'),
(73, '87292000', '出雲鍋物', 4, '404台中市北區崇德路一段260號', '04-2235-0329', 'service1@service.com.tw', '11:30', '23:00', NULL, NULL, NULL, 11, NULL, 'https://reurl.cc/eXQeMx', 0, 1, 0, 1, 1, 1, '../upload/shop_id_73/info_img/logo-73.jpg', NULL, '../upload/shop_id_73/info_img/preview-73.jpg', 'mosamosa', NULL, '2023-05-08 02:50:00'),
(74, '87292001', '久久火鍋', 4, '404台中市北區德化街289號永興街旁', '04-2235-6676', 'service2@service.com.tw', '17:00', '01:00', NULL, NULL, '3', 11, NULL, 'https://reurl.cc/rLkmAb', 0, 1, 0, 1, 1, 1, '../upload/shop_id_74/info_img/logo-74.jpg', NULL, '../upload/shop_id_74/info_img/preview-74.jpg', 'mosamosa', NULL, '2023-05-08 02:50:00'),
(75, '87292002', '大苑子 台中學士店', 4, '40454台中市北區學士路152號', '04-2233-3020', 'service3@service.com.tw', '10:00', '21:00', NULL, NULL, NULL, 12, 'https://reurl.cc/9VxaXO', 'https://reurl.cc/qko68g', 0, 0, 0, 0, 1, 1, '../upload/shop_id_75/info_img/logo-75.jpg', NULL, '../upload/shop_id_75/info_img/preview-75.jpg', 'mosamosa', NULL, '2023-05-08 02:50:00'),
(76, '87292003', '水巷茶弄-台中一中店', 1, '404台中市北區育才街6巷2-1號', '04-2225-3962', 'service4@service.com.tw', '10:30', '22:30', NULL, NULL, NULL, 12, 'https://reurl.cc/MR9VZ4', 'https://reurl.cc/3OR9Nj', 0, 0, 0, 0, 1, 1, '../upload/shop_id_76/info_img/logo-76.jpg', NULL, '../upload/shop_id_76/info_img/preview-76.jpg', 'mosamosa', NULL, '2023-05-08 02:50:00'),
(77, '87292004', '胖老爹美式炸雞', 1, '40142台中市東區精武路37-6號', '0968-065-966', 'service5@service.com.tw', '15:00', '00:00', NULL, NULL, '1', 13, 'https://reurl.cc/Rv8mkz', 'https://reurl.cc/MR9VzX', 0, 0, 0, 0, 1, 1, '../upload/shop_id_77/info_img/logo-77.jpg', NULL, '../upload/shop_id_77/info_img/preview-77.jpg', 'mosamosa', NULL, '2023-05-08 02:50:00'),
(78, '87292005', '石研室 台式爆炒石頭火鍋 - 台中勤美店', 2, '403台中市西區公正路99號', '04-2302-0067', 'service6@service.com.tw', '11:30', '23:00', NULL, NULL, NULL, 11, 'https://reurl.cc/d79AzD', 'https://reurl.cc/vkoA3e', 0, 1, 0, 1, 1, 1, '../upload/shop_id_78/info_img/logo-78.jpg', NULL, '../upload/shop_id_78/info_img/preview-78.jpg', 'mosamosa', NULL, '2023-05-08 02:50:00'),
(79, '87292006', '小佐お茶作 向上店', 2, '403台中市西區向上路一段138-2號', '04-2301-2257', 'service7@service.com.tw', '10:00', '20:00', NULL, NULL, NULL, 12, 'https://reurl.cc/0EQRzl', 'https://reurl.cc/Y8GplD', 0, 0, 0, 0, 1, 1, '../upload/shop_id_79/info_img/logo-79.jpg', NULL, '../upload/shop_id_79/info_img/preview-79.jpg', 'mosamosa', NULL, '2023-05-08 02:50:00'),
(80, '87292007', '神串串燒精誠店', 2, '403台中市西區精誠路380號', '04-2472-2050', 'service8@service.com.tw', '17:30', '01:30', NULL, NULL, NULL, 13, 'https://reurl.cc/Q4mxLM', NULL, 0, 0, 0, 0, 1, 1, '../upload/shop_id_80/info_img/logo-80.jpg', NULL, '../upload/shop_id_80/info_img/preview-80.jpg', 'mosamosa', NULL, '2023-05-08 02:50:00'),
(81, '87292008', '店小二串燒棧', 2, '40361台中市西區忠明南路229號', '04-2305-5225', 'service9@service.com.tw', '18:00', '03:30', NULL, NULL, NULL, 13, 'https://reurl.cc/V87lRR', NULL, 0, 0, 0, 1, 1, 1, '../upload/shop_id_81/info_img/logo-81.jpg', NULL, '../upload/shop_id_81/info_img/preview-81.jpg', 'mosamosa', NULL, '2023-05-08 02:50:00'),
(82, '87292009', '茶湯會 工學店', 3, '402台中市南區工學路26號', '04-2263-6608', 'service1@service.com.tw', '10:00', '20:00', NULL, NULL, NULL, 12, 'https://reurl.cc/OVzg7A', 'https://reurl.cc/Rv8gnn', 0, 0, 0, 0, 1, 1, '../upload/shop_id_82/info_img/logo-82.jpg', NULL, '../upload/shop_id_82/info_img/preview-82.jpg', 'mosamosa', NULL, '2023-05-08 02:50:00'),
(83, '87292010', '王將藥燉排骨', 3, '402台中市南區美村路二段165號', '0979-677-771', 'service2@service.com.tw', '17:00', '04:00', NULL, NULL, NULL, 13, 'https://reurl.cc/rLoA91', 'https://reurl.cc/Y8GpEO', 0, 0, 0, 0, 1, 1, '../upload/shop_id_83/info_img/logo-83.jpg', NULL, '../upload/shop_id_83/info_img/preview-83.jpg', 'mosamosa', NULL, '2023-05-08 02:50:00'),
(84, '87292011', '八方悅鍋物-台中成功店', 5, '400台中市中區成功路358號1樓', '04-2229-7979', 'service3@service.com.tw', '12:00', '22:00', NULL, NULL, NULL, 11, NULL, 'https://reurl.cc/MR9LnK', 0, 0, 0, 1, 1, 1, '../upload/shop_id_84/info_img/logo-84.jpg', NULL, '../upload/shop_id_84/info_img/preview-84.jpg', 'mosamosa', NULL, '2023-05-08 02:50:00'),
(85, '87292012', '9PM 玖點', 5, '400台中市中區臺灣大道一段191號', '0909-009-409', 'service4@service.com.tw', '21:00', '02:00', NULL, NULL, '3', 13, 'https://reurl.cc/eXnAGR', NULL, 0, 1, 0, 0, 1, 1, '../upload/shop_id_85/info_img/logo-85.jpg', NULL, '../upload/shop_id_85/info_img/preview-85.jpg', 'mosamosa', NULL, '2023-05-08 02:50:00'),
(86, '87292013', 'TEA TOP第一味 昌平二店', 8, '406台中市北屯區昌平路二段12-3號', '04-2247-1606', 'service5@service.com.tw', '09:00', '22:00', NULL, NULL, NULL, 12, 'https://reurl.cc/Y8Gp9l', 'https://reurl.cc/ykoGe2', 0, 0, 0, 0, 1, 1, '../upload/shop_id_86/info_img/logo-86.jpg', NULL, '../upload/shop_id_86/info_img/preview-86.jpg', 'mosamosa', NULL, '2023-05-08 02:50:00'),
(87, '87292014', '巷口炸雞台中北屯總店', 8, '40652台中市北屯區昌平路一段123號', '0920-458-139', 'service6@service.com.tw', '16:00', '00:15', NULL, NULL, NULL, 13, 'https://reurl.cc/klkgab', 'https://reurl.cc/zAoE67', 0, 0, 0, 0, 1, 1, '../upload/shop_id_87/info_img/logo-87.jpg', NULL, '../upload/shop_id_87/info_img/preview-87.jpg', 'mosamosa', NULL, '2023-05-08 02:50:00'),
(88, '87292015', '大業永和豆漿', 6, '407台中市西屯區寧夏路109號', '04-2315-5855', 'service7@service.com.tw', '17:00', '11:00', NULL, NULL, NULL, 13, 'https://reurl.cc/zAoEY7', 'https://reurl.cc/qko6Lp', 0, 0, 0, 0, 1, 1, '../upload/shop_id_88/info_img/logo-88.jpg', NULL, '../upload/shop_id_88/info_img/preview-88.jpg', 'mosamosa', NULL, '2023-05-08 02:50:00'),
(89, '87292016', '麻角小鍋', 6, '407台中市西屯區上仁街153號', '04-2452-2438', 'service8@service.com.tw', '11:30', '21:30', NULL, NULL, '2,3', 11, NULL, 'https://reurl.cc/OVzL9R', 0, 0, 0, 0, 1, 1, '../upload/shop_id_89/info_img/logo-89.jpg', NULL, '../upload/shop_id_89/info_img/preview-89.jpg', 'mosamosa', NULL, '2023-05-08 02:50:00'),
(90, '87292017', '青花驕麻辣鍋 台中公益店', 7, '40844台中市南屯區公益路二段722號', '04-2255-3970', 'service9@service.com.tw', '11:30', '01:00', NULL, NULL, NULL, 11, 'https://reurl.cc/qko4eR', NULL, 0, 1, 0, 1, 1, 1, '../upload/shop_id_90/info_img/logo-90.jpg', NULL, '../upload/shop_id_90/info_img/preview-90.jpg', 'mosamosa', NULL, '2023-05-08 02:50:00'),
(91, '87292018', '【墨】 串燒居酒屋', 7, '408台中市南屯區永春東一路799號', '04-2382-3212', 'service1@service.com.tw', '20:00', '05:00', NULL, NULL, NULL, 13, 'https://reurl.cc/zAoEQk', 'https://reurl.cc/Rv8m2D', 0, 1, 0, 1, 1, 1, '../upload/shop_id_91/info_img/logo-91.jpg', NULL, '../upload/shop_id_91/info_img/preview-91.jpg', 'mosamosa', NULL, '2023-05-08 02:50:00'),
(92, '87292019', '宮原眼科', 5, '台中市中區中山路20號', '04-2227-1927', 'service2@service.com.tw', '10:00', '21:00', NULL, NULL, NULL, 6, NULL, NULL, 0, 0, 0, 1, 1, 1, '../upload/shop_id_92/info_img/logo-92.jpg', NULL, '../upload/shop_id_92/info_img/preview-92.jpg', 'mosamosa', NULL, '2023-05-08 02:50:00'),
(93, '87292020', '12MINI快煮鍋-台中公益東興店', 2, '台中市西區公益路383號', '04-2322-1312', 'service3@service.com.tw', '11:00', '23:00', NULL, NULL, NULL, 11, 'https://www.ubereats.com/tw/store/12mini%E5%8F%B0%E4%B8%AD%E5%85%AC%E7%9B%8A%E6%9D%B1%E8%88%88%E5%BA%97/WdYax0B2SGCRY_Du3QOi_g?diningMode=DELIVERY', NULL, 0, 0, 0, 1, 1, 0, '../upload/shop_id_93/info_img/logo-93.jpg', '../upload/shop_id_93/info_img/banner-93.jpg', '../upload/shop_id_93/info_img/preview-93.jpg', 'mosamosa', 'https://www.google.com/maps/embed?pb=!1m14!1m8!1m3!1d14562.396951170953!2d120.6535395!3d24.1507085!3m2!1i1024!2i768!4f13.1!3m3!1m2!1s0x34693daac9303efd%3A0xa543b78af6cda7d2!2zMTJNSU5J5b-r54Wu6Y2LLeWPsOS4reWFrOebiuadseiIiOW6lw!5e0!3m2!1szh-TW!2stw!4v1683163575091!5m2!1szh-TW!2stw', '2023-05-08 09:46:47');

-- --------------------------------------------------------

--
-- Table structure for table `touch`
--

CREATE TABLE `touch` (
  `TC_ChartID` int(11) NOT NULL,
  `user_id` int(11) NOT NULL,
  `user_gender` varchar(10) NOT NULL,
  `user_birth` int(11) NOT NULL,
  `shop_id` int(11) NOT NULL,
  `menu_type` varchar(50) NOT NULL,
  `menu_name` varchar(50) NOT NULL,
  `touch_time` date NOT NULL
) ENGINE=InnoDB DEFAULT CHARSET=utf8;

--
-- Dumping data for table `touch`
--

INSERT INTO `touch` (`TC_ChartID`, `user_id`, `user_gender`, `user_birth`, `shop_id`, `menu_type`, `menu_name`, `touch_time`) VALUES
(1, 912, 'Female', 59, 14, '蒸點', '其他', '2022-12-24'),
(2, 672, 'Male', 40, 14, '主食', '其他', '2022-10-13'),
(3, 256, 'Male', 30, 14, '甜品', '賽螃蟹春卷', '2022-07-01'),
(4, 861, 'Male', 38, 14, '甜品', '添好運流沙包', '2022-11-10'),
(5, 523, 'Male', 35, 14, '特色飲品', '干貝絲炒麵', '2022-09-27'),
(6, 674, 'Female', 21, 14, '招牌必點', '其他', '2023-02-08'),
(7, 374, 'Female', 28, 14, '蒸點', '?花雪蛋腸粉', '2022-12-23'),
(8, 156, 'Female', 59, 14, '腸粉', '小心流沙煎堆', '2023-03-23'),
(9, 212, 'Female', 53, 14, '招牌必點', '其他', '2023-02-13'),
(10, 189, 'Female', 25, 14, '甜品', '蜜味叉燒腸', '2023-01-31'),
(11, 575, 'Male', 45, 14, '湯品', '鮮蝦菠菜餃', '2022-09-05'),
(12, 462, 'Female', 39, 14, '招牌必點', '白胡椒肚片湯', '2023-01-27'),
(13, 603, 'Female', 41, 14, '特色飲品', '晶瑩鮮蝦餃', '2022-09-28'),
(14, 308, 'Female', 59, 14, '時蔬', '楊枝甘露', '2022-04-19'),
(15, 320, 'Female', 44, 14, '蒸點', '有機季節時蔬', '2022-06-27'),
(16, 937, 'Male', 26, 14, '主食', '鮮蝦菠菜餃', '2022-08-11'),
(17, 398, 'Male', 45, 14, '甜品', '楊枝甘露', '2023-03-21'),
(18, 886, 'Female', 18, 14, '煎/炸點', '白胡椒肚片湯', '2022-11-14'),
(19, 84, 'Female', 18, 14, '時蔬', '?王鮮蝦腸', '2022-04-19'),
(20, 817, 'Female', 30, 14, '蒸點', '其他', '2023-03-01'),
(21, 558, 'Male', 21, 14, '招牌必點', 'XO醬臘味炒飯', '2022-07-08'),
(22, 168, 'Female', 27, 14, '招牌必點', '?花雪蛋腸粉', '2023-03-28'),
(23, 697, 'Female', 50, 14, '招牌必點', '蜜味叉燒腸', '2022-06-10'),
(24, 361, 'Female', 27, 14, '時蔬', '?王鮮蝦腸', '2023-01-11'),
(25, 996, 'Male', 45, 14, '招牌必點', '賽螃蟹春卷', '2022-12-21'),
(26, 857, 'Male', 50, 14, '招牌必點', '晶瑩鮮蝦餃', '2022-05-20'),
(27, 933, 'Male', 51, 14, '特色飲品', '蟲草猴頭菇燉湯', '2022-10-30'),
(28, 740, 'Male', 36, 14, '招牌必點', '添好運一口蛋撻', '2022-04-25'),
(29, 759, 'Female', 27, 14, '時蔬', 'XO醬臘味炒飯', '2022-04-21'),
(30, 497, 'Male', 52, 14, '煎/炸點', '有機季節時蔬', '2022-10-15'),
(31, 641, 'Male', 44, 14, '蒸點', '蜜味叉燒腸', '2023-03-24'),
(32, 431, 'Male', 22, 14, '腸粉', '其他', '2022-12-10'),
(33, 282, 'Female', 50, 14, '招牌必點', '添好運流沙包', '2023-01-20'),
(34, 761, 'Male', 53, 14, '甜品', '白胡椒肚片湯', '2023-01-01'),
(35, 647, 'Male', 58, 14, '招牌必點', '添好運一口蛋撻', '2022-05-20'),
(36, 693, 'Female', 35, 14, '主食', 'XO醬臘味炒飯', '2022-11-02'),
(37, 969, 'Male', 32, 14, '甜品', '紫米薏仁椰奶', '2022-11-09'),
(38, 137, 'Male', 30, 14, '蒸點', '白胡椒肚片湯', '2022-05-27'),
(39, 144, 'Male', 40, 14, '特色飲品', '鮮蝦腐皮卷', '2022-12-29'),
(40, 430, 'Male', 56, 14, '特色飲品', 'XO醬臘味炒飯', '2022-04-23'),
(41, 931, 'Female', 21, 14, '煎/炸點', '其他', '2022-11-05'),
(42, 126, 'Male', 20, 14, '招牌必點', '白胡椒肚片湯', '2023-01-02'),
(43, 809, 'Male', 52, 14, '時蔬', '添好運一口蛋撻', '2022-11-26'),
(44, 818, 'Male', 30, 14, '主食', '鮮蝦燒賣皇', '2022-12-03'),
(45, 255, 'Female', 55, 14, '腸粉', '白胡椒肚片湯', '2022-09-29'),
(46, 470, 'Male', 40, 14, '主食', '鮮蝦菠菜餃', '2022-04-06'),
(47, 970, 'Male', 18, 14, '甜品', '添好運流沙包', '2022-05-16'),
(48, 445, 'Male', 21, 14, '特色飲品', '小心流沙煎堆', '2022-10-24'),
(49, 285, 'Female', 59, 14, '蒸點', '蟲草猴頭菇燉湯', '2022-09-22'),
(50, 90, 'Female', 46, 14, '腸粉', '蟲草猴頭菇燉湯', '2022-09-10'),
(51, 52, 'Male', 30, 14, '腸粉', '紫米薏仁椰奶', '2023-02-01'),
(52, 234, 'Male', 38, 14, '煎/炸點', '楊枝甘露', '2023-01-21'),
(53, 474, 'Male', 41, 14, '特色飲品', '港式牛肉撈麵', '2023-03-10'),
(54, 410, 'Male', 44, 14, '特色飲品', '有機季節時蔬', '2022-05-20'),
(55, 758, 'Male', 24, 14, '煎/炸點', '其他', '2022-09-22'),
(56, 894, 'Male', 58, 14, '招牌必點', '蟲草猴頭菇燉湯', '2023-01-14'),
(57, 597, 'Female', 52, 14, '特色飲品', '其他', '2022-11-01'),
(58, 643, 'Male', 49, 14, '主食', '其他', '2022-09-25'),
(59, 836, 'Male', 55, 14, '蒸點', '白胡椒肚片湯', '2022-10-25'),
(60, 224, 'Male', 35, 14, '蒸點', '鮮蝦腐皮卷', '2022-11-16'),
(61, 789, 'Male', 46, 14, '煎/炸點', '有機季節時蔬', '2022-11-08'),
(62, 587, 'Male', 55, 14, '特色飲品', '香滑牛肉腸', '2022-05-08'),
(63, 877, 'Male', 39, 14, '煎/炸點', '其他', '2022-05-31'),
(64, 348, 'Female', 42, 14, '蒸點', '賽螃蟹春卷', '2022-06-04'),
(65, 662, 'Male', 35, 14, '腸粉', '紫米薏仁椰奶', '2022-04-22'),
(66, 660, 'Female', 36, 14, '腸粉', '有機季節時蔬', '2022-07-06'),
(67, 752, 'Male', 34, 14, '蒸點', '鮮蝦燒賣皇', '2023-03-27'),
(68, 880, 'Female', 32, 14, '甜品', '添好運一口蛋撻', '2023-03-29'),
(69, 372, 'Female', 54, 14, '特色飲品', '蟲草猴頭菇燉湯', '2022-12-18'),
(70, 879, 'Female', 35, 14, '甜品', '添好運流沙包', '2022-06-19'),
(71, 319, 'Male', 19, 14, '湯品', '其他', '2022-09-24'),
(72, 807, 'Male', 23, 14, '湯品', '?花雪蛋腸粉', '2022-08-26'),
(73, 866, 'Female', 27, 14, '甜品', '有機季節時蔬', '2022-11-20'),
(74, 682, 'Male', 27, 14, '特色飲品', '添好運一口蛋撻', '2022-12-05'),
(75, 207, 'Male', 26, 14, '甜品', '香煎蘿蔔糕', '2023-02-03'),
(76, 960, 'Male', 30, 14, '時蔬', '鮮蝦燒賣皇', '2023-02-27'),
(77, 67, 'Female', 29, 14, '腸粉', '紫米薏仁椰奶', '2023-03-13'),
(78, 407, 'Male', 51, 14, '招牌必點', '蟲草猴頭菇燉湯', '2022-06-06'),
(79, 468, 'Female', 52, 14, '主食', '晶瑩鮮蝦餃', '2022-05-14'),
(80, 366, 'Female', 34, 14, '湯品', '蟲草猴頭菇燉湯', '2022-07-18'),
(81, 653, 'Male', 50, 14, '甜品', '其他', '2023-03-09'),
(82, 76, 'Female', 33, 14, '湯品', '其他', '2022-07-02'),
(83, 554, 'Male', 56, 14, '特色飲品', '晶瑩鮮蝦餃', '2023-02-19'),
(84, 515, 'Male', 28, 14, '特色飲品', '鮑汁燜鳳爪', '2023-02-07'),
(85, 701, 'Male', 34, 14, '時蔬', '酥皮焗叉燒包', '2022-05-08'),
(86, 766, 'Male', 57, 14, '蒸點', '蟲草猴頭菇燉湯', '2022-06-06'),
(87, 157, 'Female', 25, 14, '特色飲品', '紫米薏仁椰奶', '2023-02-14'),
(88, 982, 'Female', 46, 14, '腸粉', '紫米薏仁椰奶', '2022-10-10'),
(89, 945, 'Male', 29, 14, '招牌必點', '鮮蝦腐皮卷', '2022-08-02'),
(90, 429, 'Male', 24, 14, '蒸點', '香煎蘿蔔糕', '2022-09-16'),
(91, 269, 'Male', 57, 14, '主食', '楊枝甘露', '2023-01-08'),
(92, 343, 'Male', 48, 14, '特色飲品', '蟲草猴頭菇燉湯', '2022-05-16'),
(93, 239, 'Female', 45, 14, '時蔬', '白胡椒肚片湯', '2022-05-26'),
(94, 632, 'Male', 23, 14, '腸粉', '其他', '2022-11-09'),
(95, 346, 'Male', 60, 14, '煎/炸點', '楊枝甘露', '2022-06-15'),
(96, 513, 'Male', 47, 14, '腸粉', '添好運一口蛋撻', '2023-02-12'),
(97, 628, 'Male', 26, 14, '時蔬', '金絲高麗菜', '2022-05-28'),
(98, 823, 'Male', 43, 14, '蒸點', '香滑牛肉腸', '2023-03-03'),
(99, 564, 'Female', 22, 14, '湯品', '金絲高麗菜', '2022-09-25'),
(100, 197, 'Female', 35, 14, '腸粉', '蟲草猴頭菇燉湯', '2022-12-29'),
(101, 311, 'Female', 37, 14, '特色飲品', '酥皮焗叉燒包', '2022-04-08'),
(102, 788, 'Male', 52, 14, '招牌必點', '蟲草猴頭菇燉湯', '2022-12-31'),
(103, 702, 'Male', 51, 14, '甜品', '白胡椒肚片湯', '2022-04-07'),
(104, 837, 'Male', 60, 14, '湯品', 'XO醬臘味炒飯', '2022-05-17'),
(105, 584, 'Female', 26, 14, '時蔬', '添好運一口蛋撻', '2022-05-11'),
(106, 486, 'Female', 47, 14, '時蔬', '鮮蝦腐皮卷', '2022-11-08'),
(107, 897, 'Male', 28, 14, '主食', '蜜味叉燒腸', '2022-10-21'),
(108, 954, 'Male', 21, 14, '腸粉', '鮑汁燜鳳爪', '2022-06-03'),
(109, 983, 'Male', 51, 14, '招牌必點', '金絲高麗菜', '2023-02-16'),
(110, 625, 'Female', 25, 14, '煎/炸點', '賽螃蟹春卷', '2023-03-19'),
(111, 261, 'Female', 59, 14, '腸粉', '有機季節時蔬', '2023-01-17'),
(112, 599, 'Male', 59, 14, '腸粉', '添好運一口蛋撻', '2022-10-08'),
(113, 413, 'Male', 46, 14, '煎/炸點', '鮮蝦燒賣皇', '2022-09-01'),
(114, 709, 'Male', 38, 14, '腸粉', '干貝絲炒麵', '2022-10-19'),
(115, 293, 'Male', 46, 14, '特色飲品', 'XO醬臘味炒飯', '2022-11-16'),
(116, 994, 'Female', 59, 14, '煎/炸點', '鮑汁燜鳳爪', '2022-12-07'),
(117, 813, 'Female', 24, 14, '招牌必點', '蜜味叉燒腸', '2022-10-02'),
(118, 200, 'Male', 48, 14, '特色飲品', '鮮蝦燒賣皇', '2022-06-30'),
(119, 305, 'Male', 59, 14, '招牌必點', '?花雪蛋腸粉', '2022-04-03'),
(120, 705, 'Male', 42, 14, '蒸點', '蟲草猴頭菇燉湯', '2022-08-29'),
(121, 455, 'Female', 60, 14, '特色飲品', '?花雪蛋腸粉', '2022-12-04'),
(122, 153, 'Female', 41, 14, '特色飲品', '蟲草猴頭菇燉湯', '2022-07-18'),
(123, 865, 'Male', 50, 14, '蒸點', '有機季節時蔬', '2022-12-04'),
(124, 941, 'Male', 58, 14, '招牌必點', '香煎蘿蔔糕', '2022-07-21'),
(125, 751, 'Female', 33, 14, '甜品', '?王鮮蝦腸', '2022-11-30'),
(126, 491, 'Male', 28, 14, '時蔬', 'XO醬臘味炒飯', '2022-11-29'),
(127, 962, 'Female', 27, 14, '湯品', '港式牛肉撈麵', '2023-01-10'),
(128, 853, 'Male', 37, 14, '蒸點', '添好運流沙包', '2022-05-15'),
(129, 519, 'Female', 19, 14, '招牌必點', '其他', '2022-10-16'),
(130, 86, 'Male', 34, 14, '煎/炸點', '其他', '2023-01-21'),
(131, 378, 'Male', 55, 14, '主食', '晶瑩鮮蝦餃', '2022-04-04'),
(132, 973, 'Female', 32, 14, '主食', '好運冰火菠蘿', '2022-11-13'),
(133, 448, 'Male', 55, 14, '蒸點', '有機季節時蔬', '2022-08-15'),
(134, 547, 'Male', 27, 14, '煎/炸點', '港式牛肉撈麵', '2022-07-03'),
(135, 679, 'Female', 42, 14, '時蔬', 'XO醬臘味炒飯', '2022-10-15'),
(136, 338, 'Female', 48, 14, '主食', '?王鮮蝦腸', '2022-11-18'),
(137, 355, 'Male', 49, 14, '煎/炸點', '賽螃蟹春卷', '2022-06-14'),
(138, 834, 'Male', 20, 14, '甜品', '其他', '2022-05-12'),
(139, 867, 'Male', 58, 14, '湯品', '其他', '2022-04-15'),
(140, 539, 'Female', 47, 14, '腸粉', '蟲草猴頭菇燉湯', '2022-11-09'),
(141, 629, 'Female', 32, 14, '招牌必點', '晶瑩鮮蝦餃', '2022-08-21'),
(142, 606, 'Male', 18, 14, '湯品', '白胡椒肚片湯', '2022-07-03'),
(143, 608, 'Male', 56, 14, '主食', '蟲草猴頭菇燉湯', '2022-08-10'),
(144, 707, 'Female', 52, 14, '招牌必點', '鮮蝦菠菜餃', '2022-11-25'),
(145, 691, 'Male', 38, 14, '特色飲品', '白胡椒肚片湯', '2022-11-25'),
(146, 924, 'Male', 28, 14, '湯品', '好運冰火菠蘿', '2022-04-11'),
(147, 913, 'Female', 23, 14, '甜品', '?花雪蛋腸粉', '2023-01-24'),
(148, 392, 'Male', 25, 14, '主食', '添好運流沙包', '2022-06-12'),
(149, 798, 'Female', 43, 14, '煎/炸點', '鮮蝦腐皮卷', '2022-09-27'),
(150, 216, 'Male', 53, 14, '特色飲品', '酥皮焗叉燒包', '2023-02-22'),
(151, 387, 'Male', 51, 14, '甜品', '白胡椒肚片湯', '2022-06-15'),
(152, 563, 'Female', 36, 14, '特色飲品', '酥皮焗叉燒包', '2022-06-29'),
(153, 327, 'Male', 51, 14, '特色飲品', '添好運流沙包', '2022-06-14'),
(154, 464, 'Male', 19, 14, '甜品', '?花雪蛋腸粉', '2023-03-23'),
(155, 720, 'Female', 43, 14, '時蔬', '白胡椒肚片湯', '2022-06-13'),
(156, 162, 'Male', 32, 14, '特色飲品', '金絲高麗菜', '2022-05-21'),
(157, 882, 'Female', 42, 14, '主食', 'XO醬臘味炒飯', '2022-04-28'),
(158, 719, 'Female', 36, 14, '腸粉', '白胡椒肚片湯', '2022-04-16'),
(159, 726, 'Male', 25, 14, '主食', '有機季節時蔬', '2022-07-22'),
(160, 750, 'Female', 19, 14, '主食', '?花雪蛋腸粉', '2022-09-06'),
(161, 106, 'Male', 51, 14, '主食', '白胡椒肚片湯', '2022-10-07'),
(162, 451, 'Female', 44, 14, '招牌必點', 'XO醬臘味炒飯', '2022-04-13'),
(163, 543, 'Female', 58, 14, '煎/炸點', '添好運流沙包', '2022-11-22'),
(164, 232, 'Male', 38, 14, '湯品', '晶瑩鮮蝦餃', '2022-09-13'),
(165, 562, 'Female', 38, 14, '招牌必點', '金絲高麗菜', '2022-07-26'),
(166, 493, 'Female', 33, 14, '湯品', '香煎蘿蔔糕', '2023-03-29'),
(167, 963, 'Male', 59, 14, '特色飲品', '白胡椒肚片湯', '2022-05-19'),
(168, 138, 'Female', 36, 14, '蒸點', '鮑汁燜鳳爪', '2022-10-02'),
(169, 171, 'Female', 52, 14, '特色飲品', '香煎蘿蔔糕', '2023-03-23'),
(170, 81, 'Male', 35, 14, '主食', '晶瑩鮮蝦餃', '2022-07-18'),
(171, 829, 'Male', 45, 14, '時蔬', '小心流沙煎堆', '2023-03-21'),
(172, 591, 'Male', 46, 14, '湯品', '港式牛肉撈麵', '2022-09-05'),
(173, 75, 'Female', 31, 14, '腸粉', '其他', '2022-05-28'),
(174, 195, 'Male', 51, 14, '蒸點', 'XO醬臘味炒飯', '2023-03-02'),
(175, 589, 'Female', 47, 14, '主食', '鮮蝦腐皮卷', '2023-02-28'),
(176, 965, 'Female', 53, 14, '主食', '蜜味叉燒腸', '2023-01-28'),
(177, 395, 'Female', 58, 14, '時蔬', '香滑牛肉腸', '2022-10-04'),
(178, 354, 'Male', 37, 14, '主食', '香滑牛肉腸', '2022-11-29'),
(179, 154, 'Male', 31, 14, '主食', '白胡椒肚片湯', '2023-01-27'),
(180, 782, 'Female', 35, 14, '煎/炸點', '好運冰火菠蘿', '2022-12-16'),
(181, 801, 'Female', 51, 14, '甜品', '蜜味叉燒腸', '2022-10-19'),
(182, 218, 'Female', 38, 14, '特色飲品', '白胡椒肚片湯', '2022-11-04'),
(183, 326, 'Male', 38, 14, '腸粉', '賽螃蟹春卷', '2022-06-11'),
(184, 907, 'Female', 23, 14, '時蔬', '賽螃蟹春卷', '2023-03-27'),
(185, 835, 'Male', 41, 14, '甜品', '紫米薏仁椰奶', '2023-02-10'),
(186, 115, 'Female', 57, 14, '煎/炸點', '干貝絲炒麵', '2023-01-23'),
(187, 524, 'Female', 18, 14, '特色飲品', '其他', '2022-06-09'),
(188, 938, 'Female', 30, 14, '甜品', '添好運一口蛋撻', '2022-12-23'),
(189, 579, 'Male', 54, 14, '湯品', '其他', '2022-09-28'),
(190, 135, 'Female', 41, 14, '湯品', 'XO醬臘味炒飯', '2022-11-12'),
(191, 900, 'Male', 41, 14, '甜品', '添好運一口蛋撻', '2022-05-06'),
(192, 863, 'Male', 24, 14, '特色飲品', '港式牛肉撈麵', '2022-05-19'),
(193, 810, 'Male', 45, 14, '時蔬', '港式牛肉撈麵', '2022-09-24'),
(194, 708, 'Male', 31, 14, '招牌必點', '添好運一口蛋撻', '2022-08-23'),
(195, 114, 'Male', 38, 14, '甜品', '其他', '2023-01-01'),
(196, 101, 'Female', 29, 14, '招牌必點', '有機季節時蔬', '2022-12-09'),
(197, 648, 'Male', 55, 14, '特色飲品', '香煎蘿蔔糕', '2023-03-14'),
(198, 172, 'Male', 40, 14, '煎/炸點', '其他', '2022-07-09'),
(199, 96, 'Male', 33, 14, '甜品', '香煎蘿蔔糕', '2022-08-07'),
(200, 946, 'Female', 42, 14, '甜品', '其他', '2023-02-26'),
(201, 337, 'Female', 41, 14, '特色飲品', '香煎蘿蔔糕', '2022-07-15'),
(202, 943, 'Male', 37, 14, '招牌必點', '白胡椒肚片湯', '2023-03-01'),
(203, 926, 'Female', 43, 14, '湯品', '鮮蝦菠菜餃', '2023-03-10'),
(204, 977, 'Female', 28, 14, '煎/炸點', '?王鮮蝦腸', '2022-12-28'),
(205, 581, 'Female', 49, 14, '特色飲品', '蟲草猴頭菇燉湯', '2022-07-02'),
(206, 812, 'Female', 43, 14, '湯品', '酥皮焗叉燒包', '2022-05-25'),
(207, 673, 'Male', 33, 14, '甜品', '港式牛肉撈麵', '2023-01-12'),
(208, 557, 'Female', 21, 14, '時蔬', '紫米薏仁椰奶', '2023-03-24'),
(209, 383, 'Female', 59, 14, '時蔬', '其他', '2022-05-31'),
(210, 783, 'Male', 37, 14, '招牌必點', '有機季節時蔬', '2022-12-06'),
(211, 571, 'Female', 60, 14, '招牌必點', '港式牛肉撈麵', '2022-09-02'),
(212, 637, 'Female', 27, 14, '腸粉', '小心流沙煎堆', '2022-04-23'),
(213, 336, 'Female', 36, 14, '腸粉', '鮮蝦燒賣皇', '2022-12-19'),
(214, 159, 'Male', 43, 14, '腸粉', '其他', '2022-06-26'),
(215, 492, 'Female', 30, 14, '煎/炸點', '金絲高麗菜', '2022-10-19'),
(216, 841, 'Female', 47, 14, '招牌必點', '白胡椒肚片湯', '2022-07-01'),
(217, 665, 'Female', 45, 14, '蒸點', '好運冰火菠蘿', '2022-05-31'),
(218, 725, 'Female', 36, 14, '主食', '晶瑩鮮蝦餃', '2022-05-28'),
(219, 472, 'Male', 37, 14, '主食', '鮮蝦燒賣皇', '2023-02-09'),
(220, 518, 'Female', 30, 14, '湯品', '金絲高麗菜', '2022-08-16'),
(221, 774, 'Male', 33, 14, '蒸點', '蟲草猴頭菇燉湯', '2022-11-05'),
(222, 534, 'Male', 19, 14, '湯品', '香煎蘿蔔糕', '2022-04-12'),
(223, 158, 'Male', 50, 14, '特色飲品', '白胡椒肚片湯', '2022-05-08'),
(224, 542, 'Female', 59, 14, '主食', '其他', '2022-04-23'),
(225, 803, 'Male', 21, 14, '時蔬', '紫米薏仁椰奶', '2022-08-29'),
(226, 165, 'Female', 27, 14, '招牌必點', '楊枝甘露', '2023-02-22'),
(227, 533, 'Male', 31, 14, '招牌必點', '白胡椒肚片湯', '2023-02-14'),
(228, 677, 'Male', 60, 14, '招牌必點', '香煎蘿蔔糕', '2022-09-28'),
(229, 469, 'Male', 58, 14, '招牌必點', '添好運流沙包', '2022-12-10'),
(230, 102, 'Male', 48, 14, '腸粉', '金絲高麗菜', '2022-07-04'),
(231, 363, 'Female', 31, 14, '招牌必點', '楊枝甘露', '2022-08-15'),
(232, 580, 'Female', 31, 14, '蒸點', '其他', '2022-06-05'),
(233, 201, 'Male', 29, 14, '腸粉', '晶瑩鮮蝦餃', '2022-07-07'),
(234, 631, 'Female', 56, 14, '時蔬', 'XO醬臘味炒飯', '2022-07-25'),
(235, 82, 'Female', 23, 14, '腸粉', 'XO醬臘味炒飯', '2022-10-19'),
(236, 332, 'Female', 55, 14, '招牌必點', '白胡椒肚片湯', '2022-12-19'),
(237, 271, 'Female', 30, 14, '腸粉', '楊枝甘露', '2022-09-09'),
(238, 802, 'Female', 26, 14, '湯品', '鮮蝦燒賣皇', '2022-09-18'),
(239, 681, 'Male', 53, 14, '甜品', '鮮蝦燒賣皇', '2022-12-30'),
(240, 944, 'Female', 18, 14, '甜品', '鮑汁燜鳳爪', '2022-09-19'),
(241, 134, 'Male', 20, 14, '主食', '添好運一口蛋撻', '2023-02-28'),
(242, 955, 'Female', 33, 14, '主食', '其他', '2023-01-04'),
(243, 110, 'Female', 51, 14, '蒸點', '楊枝甘露', '2022-07-28'),
(244, 482, 'Female', 38, 14, '蒸點', '酥皮焗叉燒包', '2022-10-27'),
(245, 147, 'Male', 32, 14, '時蔬', '其他', '2022-05-28'),
(246, 272, 'Male', 38, 14, '腸粉', '香煎蘿蔔糕', '2022-05-10'),
(247, 238, 'Female', 52, 14, '蒸點', '蟲草猴頭菇燉湯', '2022-05-04'),
(248, 427, 'Male', 38, 14, '時蔬', '有機季節時蔬', '2022-05-06'),
(249, 930, 'Male', 46, 14, '主食', '紫米薏仁椰奶', '2022-08-22'),
(250, 988, 'Male', 47, 14, '招牌必點', '有機季節時蔬', '2022-11-25'),
(251, 976, 'Male', 58, 14, '蒸點', '香煎蘿蔔糕', '2022-05-12'),
(252, 418, 'Female', 56, 14, '腸粉', '鮮蝦腐皮卷', '2023-02-12'),
(253, 167, 'Female', 41, 14, '特色飲品', '香煎蘿蔔糕', '2023-01-13'),
(254, 615, 'Female', 41, 14, '腸粉', '有機季節時蔬', '2022-04-05'),
(255, 70, 'Male', 30, 14, '招牌必點', '鮮蝦腐皮卷', '2022-04-10'),
(256, 396, 'Female', 59, 14, '主食', '小心流沙煎堆', '2022-11-18'),
(257, 569, 'Female', 49, 14, '甜品', '有機季節時蔬', '2022-06-25'),
(258, 315, 'Male', 46, 14, '甜品', '其他', '2022-05-13'),
(259, 652, 'Female', 56, 14, '主食', '晶瑩鮮蝦餃', '2022-09-12'),
(260, 623, 'Male', 38, 14, '煎/炸點', '添好運一口蛋撻', '2023-02-20'),
(261, 696, 'Male', 56, 14, '蒸點', '好運冰火菠蘿', '2023-02-26'),
(262, 302, 'Female', 48, 14, '腸粉', '?王鮮蝦腸', '2022-06-21'),
(263, 456, 'Male', 28, 14, '甜品', '香滑牛肉腸', '2023-01-25'),
(264, 369, 'Female', 41, 14, '煎/炸點', '港式牛肉撈麵', '2023-03-03'),
(265, 345, 'Male', 52, 14, '招牌必點', '鮮蝦腐皮卷', '2022-06-21'),
(266, 764, 'Male', 23, 14, '招牌必點', '白胡椒肚片湯', '2022-09-05'),
(267, 776, 'Male', 54, 14, '招牌必點', '鮮蝦腐皮卷', '2022-09-25'),
(268, 669, 'Male', 56, 14, '時蔬', '其他', '2022-08-24'),
(269, 104, 'Male', 59, 14, '特色飲品', '港式牛肉撈麵', '2023-01-30'),
(270, 477, 'Male', 51, 14, '煎/炸點', '其他', '2023-02-03'),
(271, 936, 'Male', 41, 14, '特色飲品', '好運冰火菠蘿', '2022-05-16'),
(272, 281, 'Female', 28, 14, '特色飲品', '?花雪蛋腸粉', '2022-10-29'),
(273, 577, 'Female', 52, 14, '特色飲品', '楊枝甘露', '2022-06-19'),
(274, 797, 'Male', 39, 14, '特色飲品', 'XO醬臘味炒飯', '2023-01-06'),
(275, 457, 'Male', 18, 14, '招牌必點', '其他', '2022-12-02'),
(276, 683, 'Male', 57, 14, '腸粉', '港式牛肉撈麵', '2023-02-17'),
(277, 450, 'Female', 29, 14, '特色飲品', '其他', '2023-03-07'),
(278, 573, 'Male', 43, 14, '腸粉', '?花雪蛋腸粉', '2022-06-20'),
(279, 657, 'Female', 27, 14, '時蔬', '好運冰火菠蘿', '2023-01-15'),
(280, 375, 'Male', 45, 14, '時蔬', '白胡椒肚片湯', '2022-05-18'),
(281, 917, 'Male', 32, 14, '特色飲品', '有機季節時蔬', '2022-09-14'),
(282, 601, 'Female', 18, 14, '招牌必點', '香滑牛肉腸', '2022-08-01'),
(283, 389, 'Male', 54, 14, '甜品', '鮑汁燜鳳爪', '2022-06-16'),
(284, 421, 'Male', 25, 14, '腸粉', '鮮蝦燒賣皇', '2023-01-03'),
(285, 295, 'Female', 32, 14, '腸粉', '添好運流沙包', '2022-08-02'),
(286, 310, 'Female', 41, 14, '特色飲品', '晶瑩鮮蝦餃', '2022-07-26'),
(287, 229, 'Male', 28, 14, '招牌必點', '酥皮焗叉燒包', '2022-11-03'),
(288, 574, 'Female', 30, 14, '主食', '楊枝甘露', '2023-03-28'),
(289, 816, 'Female', 48, 14, '主食', '?花雪蛋腸粉', '2023-03-05'),
(290, 503, 'Female', 45, 14, '特色飲品', '其他', '2022-11-08'),
(291, 613, 'Male', 39, 14, '主食', '紫米薏仁椰奶', '2023-02-16'),
(292, 755, 'Female', 39, 14, '湯品', '紫米薏仁椰奶', '2023-03-03'),
(293, 588, 'Male', 52, 14, '湯品', '香滑牛肉腸', '2022-05-03'),
(294, 869, 'Female', 50, 14, '主食', '添好運一口蛋撻', '2022-12-02'),
(295, 495, 'Female', 28, 14, '特色飲品', '添好運流沙包', '2023-03-12'),
(296, 446, 'Male', 53, 14, '主食', '金絲高麗菜', '2023-02-13'),
(297, 618, 'Female', 22, 14, '甜品', '?王鮮蝦腸', '2022-05-16'),
(298, 286, 'Male', 20, 14, '蒸點', '其他', '2022-07-09'),
(299, 161, 'Male', 26, 14, '時蔬', 'XO醬臘味炒飯', '2022-09-12'),
(300, 860, 'Female', 38, 14, '湯品', '干貝絲炒麵', '2022-11-25'),
(301, 849, 'Male', 48, 14, '甜品', '楊枝甘露', '2022-08-29'),
(302, 594, 'Male', 39, 14, '湯品', '酥皮焗叉燒包', '2022-07-14'),
(303, 929, 'Female', 58, 14, '蒸點', '鮮蝦菠菜餃', '2022-06-05'),
(304, 951, 'Male', 31, 14, '特色飲品', '香滑牛肉腸', '2022-05-13'),
(305, 550, 'Female', 58, 14, '時蔬', '香煎蘿蔔糕', '2022-12-25'),
(306, 984, 'Female', 20, 14, '甜品', '白胡椒肚片湯', '2022-04-14'),
(307, 710, 'Female', 30, 14, '招牌必點', '蟲草猴頭菇燉湯', '2022-09-14'),
(308, 479, 'Female', 54, 14, '主食', '鮮蝦腐皮卷', '2023-01-27'),
(309, 77, 'Female', 60, 14, '煎/炸點', '香滑牛肉腸', '2022-05-26'),
(310, 796, 'Female', 52, 14, '主食', '其他', '2022-09-27'),
(311, 373, 'Female', 53, 14, '煎/炸點', '小心流沙煎堆', '2022-07-23'),
(312, 822, 'Female', 48, 14, '煎/炸點', '小心流沙煎堆', '2022-11-29'),
(313, 291, 'Female', 50, 14, '特色飲品', '干貝絲炒麵', '2022-06-25'),
(314, 753, 'Female', 39, 14, '腸粉', '?花雪蛋腸粉', '2022-06-27'),
(315, 444, 'Female', 23, 14, '煎/炸點', '添好運一口蛋撻', '2022-11-04'),
(316, 414, 'Male', 31, 14, '腸粉', '酥皮焗叉燒包', '2023-01-20'),
(317, 330, 'Female', 38, 14, '蒸點', '蜜味叉燒腸', '2022-10-05'),
(318, 313, 'Female', 25, 14, '蒸點', '干貝絲炒麵', '2022-11-09'),
(319, 248, 'Female', 24, 14, '煎/炸點', '其他', '2022-10-02'),
(320, 498, 'Female', 27, 14, '特色飲品', '鮮蝦燒賣皇', '2022-09-28'),
(321, 489, 'Female', 22, 14, '煎/炸點', '添好運一口蛋撻', '2022-07-31'),
(322, 329, 'Female', 20, 14, '甜品', '金絲高麗菜', '2022-08-05'),
(323, 514, 'Female', 48, 14, '湯品', '金絲高麗菜', '2022-10-25'),
(324, 382, 'Female', 60, 14, '蒸點', '金絲高麗菜', '2023-02-20'),
(325, 911, 'Female', 25, 14, '蒸點', '?王鮮蝦腸', '2023-02-24'),
(326, 644, 'Female', 22, 14, '特色飲品', '蟲草猴頭菇燉湯', '2022-09-03'),
(327, 260, 'Female', 29, 14, '主食', '其他', '2023-03-17'),
(328, 111, 'Female', 48, 14, '甜品', '鮑汁燜鳳爪', '2022-04-14'),
(329, 404, 'Female', 18, 14, '蒸點', '金絲高麗菜', '2022-11-21'),
(330, 183, 'Male', 33, 14, '特色飲品', '酥皮焗叉燒包', '2022-12-17'),
(331, 220, 'Female', 28, 14, '甜品', '干貝絲炒麵', '2023-03-25'),
(332, 79, 'Male', 59, 14, '時蔬', '干貝絲炒麵', '2022-08-04'),
(333, 572, 'Male', 37, 14, '腸粉', '小心流沙煎堆', '2022-09-18'),
(334, 432, 'Male', 55, 14, '時蔬', '?王鮮蝦腸', '2022-09-10'),
(335, 831, 'Female', 45, 14, '甜品', '其他', '2022-11-24'),
(336, 307, 'Male', 57, 14, '主食', '其他', '2022-10-30'),
(337, 578, 'Female', 33, 14, '煎/炸點', '白胡椒肚片湯', '2022-09-19'),
(338, 191, 'Female', 24, 14, '蒸點', '賽螃蟹春卷', '2022-05-14'),
(339, 488, 'Female', 53, 14, '特色飲品', '添好運一口蛋撻', '2022-08-19'),
(340, 595, 'Male', 30, 14, '蒸點', '添好運流沙包', '2022-11-29'),
(341, 826, 'Male', 38, 14, '時蔬', '鮮蝦腐皮卷', '2022-08-05'),
(342, 891, 'Female', 44, 14, '時蔬', '其他', '2022-09-07'),
(343, 251, 'Male', 52, 14, '甜品', '其他', '2023-02-14'),
(344, 694, 'Female', 48, 14, '主食', '蜜味叉燒腸', '2022-11-11'),
(345, 480, 'Male', 53, 14, '煎/炸點', '白胡椒肚片湯', '2022-10-21'),
(346, 205, 'Male', 48, 14, '甜品', '香煎蘿蔔糕', '2022-12-24'),
(347, 883, 'Male', 47, 14, '主食', '白胡椒肚片湯', '2022-08-27'),
(348, 921, 'Male', 33, 14, '時蔬', '其他', '2023-02-25'),
(349, 59, 'Male', 21, 14, '特色飲品', '晶瑩鮮蝦餃', '2022-07-10'),
(350, 856, 'Female', 41, 14, '時蔬', '鮮蝦腐皮卷', '2022-07-24'),
(351, 268, 'Male', 60, 14, '湯品', '港式牛肉撈麵', '2022-09-02'),
(352, 50, 'Male', 57, 14, '特色飲品', '香煎蘿蔔糕', '2022-12-04'),
(353, 668, 'Male', 48, 14, '甜品', '有機季節時蔬', '2022-06-28'),
(354, 635, 'Female', 38, 14, '特色飲品', '蟲草猴頭菇燉湯', '2022-06-30'),
(355, 521, 'Female', 22, 14, '甜品', '有機季節時蔬', '2022-07-18'),
(356, 678, 'Female', 52, 14, '特色飲品', '其他', '2022-04-19'),
(357, 276, 'Male', 56, 14, '特色飲品', '其他', '2022-09-30'),
(358, 438, 'Female', 24, 14, '時蔬', '其他', '2023-02-21'),
(359, 236, 'Female', 36, 14, '煎/炸點', '鮮蝦腐皮卷', '2023-03-24'),
(360, 949, 'Male', 35, 14, '腸粉', '鮮蝦腐皮卷', '2022-05-01'),
(361, 871, 'Male', 35, 14, '煎/炸點', '其他', '2022-04-05'),
(362, 544, 'Female', 49, 14, '腸粉', '?花雪蛋腸粉', '2022-10-19'),
(363, 516, 'Female', 47, 14, '煎/炸點', '蜜味叉燒腸', '2023-03-02'),
(364, 215, 'Male', 28, 14, '湯品', '添好運一口蛋撻', '2022-12-12'),
(365, 592, 'Male', 30, 14, '湯品', '其他', '2022-12-21'),
(366, 923, 'Female', 46, 14, '主食', '小心流沙煎堆', '2022-12-08'),
(367, 858, 'Female', 31, 14, '煎/炸點', '?花雪蛋腸粉', '2023-01-22'),
(368, 304, 'Male', 26, 14, '主食', '紫米薏仁椰奶', '2022-04-27'),
(369, 721, 'Female', 41, 14, '腸粉', '添好運一口蛋撻', '2022-11-03'),
(370, 744, 'Male', 58, 14, '甜品', '港式牛肉撈麵', '2022-11-17'),
(371, 723, 'Female', 43, 14, '湯品', '好運冰火菠蘿', '2022-12-31'),
(372, 972, 'Male', 25, 14, '蒸點', '金絲高麗菜', '2022-09-17'),
(373, 122, 'Female', 42, 14, '甜品', '其他', '2022-08-12'),
(374, 424, 'Female', 53, 14, '特色飲品', '鮮蝦腐皮卷', '2022-06-14'),
(375, 932, 'Female', 23, 14, '時蔬', '金絲高麗菜', '2022-09-14'),
(376, 959, 'Female', 24, 14, '蒸點', '酥皮焗叉燒包', '2022-09-17'),
(377, 362, 'Female', 59, 14, '腸粉', '金絲高麗菜', '2022-10-13'),
(378, 582, 'Female', 48, 14, '招牌必點', '蟲草猴頭菇燉湯', '2022-10-27'),
(379, 87, 'Female', 21, 14, '主食', '小心流沙煎堆', '2022-10-15'),
(380, 341, 'Female', 37, 14, '甜品', '其他', '2022-11-28'),
(381, 529, 'Female', 43, 14, '蒸點', '香煎蘿蔔糕', '2023-03-07'),
(382, 731, 'Female', 21, 14, '腸粉', '金絲高麗菜', '2022-05-05'),
(383, 422, 'Female', 41, 14, '蒸點', '楊枝甘露', '2022-10-29'),
(384, 228, 'Female', 36, 14, '特色飲品', '其他', '2023-02-19'),
(385, 733, 'Female', 22, 14, '招牌必點', '好運冰火菠蘿', '2022-10-27'),
(386, 350, 'Female', 53, 14, '甜品', '有機季節時蔬', '2022-08-04'),
(387, 192, 'Male', 30, 14, '湯品', '白胡椒肚片湯', '2022-09-09'),
(388, 912, 'Female', 59, 14, '湯品', '白胡椒肚片湯', '2022-12-24'),
(389, 672, 'Male', 40, 14, '時蔬', '添好運流沙包', '2023-03-23'),
(390, 256, 'Male', 30, 14, '蒸點', '紫米薏仁椰奶', '2022-10-05'),
(391, 861, 'Male', 38, 14, '特色飲品', '小心流沙煎堆', '2022-07-14'),
(392, 523, 'Male', 35, 14, '甜品', '其他', '2022-06-29'),
(393, 674, 'Female', 21, 14, '湯品', '白胡椒肚片湯', '2022-09-11'),
(394, 374, 'Female', 28, 14, '煎/炸點', '有機季節時蔬', '2022-05-14'),
(395, 156, 'Female', 59, 14, '腸粉', '其他', '2022-12-30'),
(396, 212, 'Female', 53, 14, '特色飲品', '好運冰火菠蘿', '2022-07-17'),
(397, 189, 'Female', 25, 14, '招牌必點', '賽螃蟹春卷', '2023-02-26'),
(398, 575, 'Male', 45, 14, '甜品', '其他', '2022-08-05'),
(399, 462, 'Female', 39, 14, '招牌必點', '添好運一口蛋撻', '2022-08-19'),
(400, 603, 'Female', 41, 14, '主食', '干貝絲炒麵', '2022-07-18'),
(401, 308, 'Female', 59, 14, '招牌必點', '金絲高麗菜', '2023-02-15'),
(402, 320, 'Female', 44, 14, '甜品', '晶瑩鮮蝦餃', '2022-07-15'),
(403, 937, 'Male', 26, 14, '湯品', '鮮蝦菠菜餃', '2022-06-16'),
(404, 398, 'Male', 45, 14, '特色飲品', '有機季節時蔬', '2022-05-25'),
(405, 886, 'Female', 18, 14, '煎/炸點', '金絲高麗菜', '2022-07-04'),
(406, 84, 'Female', 18, 14, '腸粉', '香煎蘿蔔糕', '2022-09-18'),
(407, 817, 'Female', 30, 14, '招牌必點', '鮮蝦燒賣皇', '2023-03-30'),
(408, 558, 'Male', 21, 14, '主食', '?王鮮蝦腸', '2022-11-27'),
(409, 168, 'Female', 27, 14, '腸粉', '香煎蘿蔔糕', '2022-10-10'),
(410, 697, 'Female', 50, 14, '煎/炸點', '其他', '2022-09-15'),
(411, 361, 'Female', 27, 14, '腸粉', '其他', '2022-08-15'),
(412, 996, 'Male', 45, 14, '腸粉', '鮑汁燜鳳爪', '2022-10-23'),
(413, 857, 'Male', 50, 14, '主食', '蜜味叉燒腸', '2022-09-05'),
(414, 933, 'Male', 51, 14, '腸粉', '賽螃蟹春卷', '2022-11-01'),
(415, 740, 'Male', 36, 14, '主食', '添好運一口蛋撻', '2022-11-27'),
(416, 759, 'Female', 27, 14, '腸粉', '其他', '2022-10-19'),
(417, 497, 'Male', 52, 14, '主食', '白胡椒肚片湯', '2022-10-24'),
(418, 641, 'Male', 44, 14, '蒸點', '添好運流沙包', '2022-04-13'),
(419, 431, 'Male', 22, 14, '主食', '楊枝甘露', '2023-02-08'),
(420, 282, 'Female', 50, 14, '甜品', '鮮蝦菠菜餃', '2023-01-22'),
(421, 761, 'Male', 53, 14, '湯品', '鮮蝦燒賣皇', '2022-08-03'),
(422, 647, 'Male', 58, 14, '主食', '?王鮮蝦腸', '2023-01-12'),
(423, 693, 'Female', 35, 14, '甜品', '蟲草猴頭菇燉湯', '2023-01-23'),
(424, 969, 'Male', 32, 14, '時蔬', '其他', '2022-09-28'),
(425, 137, 'Male', 30, 14, '招牌必點', '好運冰火菠蘿', '2023-01-15'),
(426, 144, 'Male', 40, 14, '特色飲品', '其他', '2022-06-13'),
(427, 430, 'Male', 56, 14, '時蔬', '紫米薏仁椰奶', '2022-04-09'),
(428, 931, 'Female', 21, 14, '甜品', '金絲高麗菜', '2023-01-19'),
(429, 126, 'Male', 20, 14, '特色飲品', '小心流沙煎堆', '2023-01-29'),
(430, 809, 'Male', 52, 14, '甜品', '其他', '2022-04-11'),
(431, 818, 'Male', 30, 14, '主食', '白胡椒肚片湯', '2022-05-15'),
(432, 255, 'Female', 55, 14, '煎/炸點', 'XO醬臘味炒飯', '2022-06-19'),
(433, 470, 'Male', 40, 14, '腸粉', '有機季節時蔬', '2022-08-08'),
(434, 970, 'Male', 18, 14, '腸粉', '白胡椒肚片湯', '2023-01-19'),
(435, 445, 'Male', 21, 14, '時蔬', '賽螃蟹春卷', '2023-02-07'),
(436, 285, 'Female', 59, 14, '招牌必點', '干貝絲炒麵', '2022-10-20'),
(437, 90, 'Female', 46, 14, '招牌必點', '小心流沙煎堆', '2022-06-05'),
(438, 52, 'Male', 30, 14, '蒸點', '鮮蝦燒賣皇', '2023-03-21'),
(439, 234, 'Male', 38, 14, '時蔬', '香滑牛肉腸', '2022-12-21'),
(440, 474, 'Male', 41, 14, '腸粉', '?王鮮蝦腸', '2022-12-10'),
(441, 410, 'Male', 44, 14, '湯品', '楊枝甘露', '2022-10-18'),
(442, 758, 'Male', 24, 14, '腸粉', '鮮蝦燒賣皇', '2022-10-19'),
(443, 894, 'Male', 58, 14, '煎/炸點', '鮮蝦腐皮卷', '2022-04-08'),
(444, 597, 'Female', 52, 14, '煎/炸點', '干貝絲炒麵', '2022-10-07'),
(445, 643, 'Male', 49, 14, '蒸點', '鮑汁燜鳳爪', '2022-06-16'),
(446, 836, 'Male', 55, 14, '蒸點', '酥皮焗叉燒包', '2023-02-06'),
(447, 224, 'Male', 35, 14, '湯品', '蟲草猴頭菇燉湯', '2023-02-25'),
(448, 789, 'Male', 46, 14, '時蔬', '小心流沙煎堆', '2022-12-16'),
(449, 587, 'Male', 55, 14, '招牌必點', 'XO醬臘味炒飯', '2022-06-19'),
(450, 877, 'Male', 39, 14, '甜品', '香煎蘿蔔糕', '2022-08-24'),
(451, 348, 'Female', 42, 14, '腸粉', '鮑汁燜鳳爪', '2022-06-14'),
(452, 662, 'Male', 35, 14, '甜品', '賽螃蟹春卷', '2023-03-10'),
(453, 660, 'Female', 36, 14, '主食', '其他', '2023-03-20'),
(454, 752, 'Male', 34, 14, '腸粉', '小心流沙煎堆', '2022-04-18'),
(455, 880, 'Female', 32, 14, '主食', '其他', '2022-06-25'),
(456, 372, 'Female', 54, 14, '時蔬', '香煎蘿蔔糕', '2022-07-03'),
(457, 879, 'Female', 35, 14, '腸粉', '有機季節時蔬', '2022-07-26'),
(458, 319, 'Male', 19, 14, '甜品', '小心流沙煎堆', '2022-11-08'),
(459, 807, 'Male', 23, 14, '主食', '蜜味叉燒腸', '2022-05-07'),
(460, 866, 'Female', 27, 14, '煎/炸點', '鮮蝦腐皮卷', '2022-12-15'),
(461, 682, 'Male', 27, 14, '湯品', '酥皮焗叉燒包', '2023-02-10'),
(462, 207, 'Male', 26, 14, '招牌必點', '賽螃蟹春卷', '2023-03-31'),
(463, 960, 'Male', 30, 14, '腸粉', '其他', '2022-08-17'),
(464, 67, 'Female', 29, 14, '煎/炸點', '小心流沙煎堆', '2022-10-22'),
(465, 407, 'Male', 51, 14, '煎/炸點', '白胡椒肚片湯', '2022-07-01'),
(466, 468, 'Female', 52, 14, '特色飲品', '蟲草猴頭菇燉湯', '2022-10-11'),
(467, 366, 'Female', 34, 14, '特色飲品', '白胡椒肚片湯', '2022-09-08'),
(468, 653, 'Male', 50, 14, '湯品', '賽螃蟹春卷', '2022-12-09'),
(469, 76, 'Female', 33, 14, '主食', '紫米薏仁椰奶', '2023-03-31'),
(470, 554, 'Male', 56, 14, '特色飲品', '鮮蝦燒賣皇', '2022-04-29'),
(471, 515, 'Male', 28, 14, '特色飲品', '蜜味叉燒腸', '2022-12-15'),
(472, 701, 'Male', 34, 14, '時蔬', '有機季節時蔬', '2022-12-21'),
(473, 766, 'Male', 57, 14, '招牌必點', '添好運一口蛋撻', '2022-07-19'),
(474, 157, 'Female', 25, 14, '湯品', '鮮蝦燒賣皇', '2022-10-12'),
(475, 982, 'Female', 46, 14, '煎/炸點', '鮮蝦菠菜餃', '2022-09-30'),
(476, 945, 'Male', 29, 14, '湯品', '其他', '2023-02-12'),
(477, 429, 'Male', 24, 14, '蒸點', '白胡椒肚片湯', '2022-07-08'),
(478, 269, 'Male', 57, 14, '湯品', '蟲草猴頭菇燉湯', '2022-08-01'),
(479, 343, 'Male', 48, 14, '招牌必點', '賽螃蟹春卷', '2022-05-17'),
(480, 239, 'Female', 45, 14, '甜品', '鮮蝦燒賣皇', '2022-12-14'),
(481, 632, 'Male', 23, 14, '特色飲品', '其他', '2022-12-07'),
(482, 346, 'Male', 60, 14, '主食', '其他', '2022-05-29'),
(483, 513, 'Male', 47, 14, '時蔬', '?王鮮蝦腸', '2023-02-12'),
(484, 628, 'Male', 26, 14, '招牌必點', '紫米薏仁椰奶', '2022-05-24'),
(485, 823, 'Male', 43, 14, '蒸點', '酥皮焗叉燒包', '2022-07-28'),
(486, 564, 'Female', 22, 14, '時蔬', '鮑汁燜鳳爪', '2022-11-05'),
(487, 197, 'Female', 35, 14, '時蔬', '港式牛肉撈麵', '2022-09-17'),
(488, 311, 'Female', 37, 14, '甜品', '紫米薏仁椰奶', '2022-10-11'),
(489, 788, 'Male', 52, 14, '招牌必點', '有機季節時蔬', '2023-01-12'),
(490, 702, 'Male', 51, 14, '腸粉', '金絲高麗菜', '2023-01-02'),
(491, 837, 'Male', 60, 14, '特色飲品', '干貝絲炒麵', '2022-11-26'),
(492, 584, 'Female', 26, 14, '蒸點', '鮮蝦燒賣皇', '2023-01-15'),
(493, 486, 'Female', 47, 14, '甜品', '蟲草猴頭菇燉湯', '2022-11-24'),
(494, 897, 'Male', 28, 14, '主食', '?花雪蛋腸粉', '2022-05-03'),
(495, 954, 'Male', 21, 14, '招牌必點', '金絲高麗菜', '2023-02-26'),
(496, 983, 'Male', 51, 14, '腸粉', '鮮蝦燒賣皇', '2022-09-26'),
(497, 625, 'Female', 25, 14, '湯品', '其他', '2022-10-22'),
(498, 261, 'Female', 59, 14, '蒸點', '?花雪蛋腸粉', '2022-04-30'),
(499, 599, 'Male', 59, 14, '特色飲品', '其他', '2023-02-01'),
(500, 413, 'Male', 46, 14, '招牌必點', '酥皮焗叉燒包', '2022-05-01'),
(501, 709, 'Male', 38, 14, '招牌必點', '添好運一口蛋撻', '2022-05-01'),
(502, 293, 'Male', 46, 14, '招牌必點', '添好運一口蛋撻', '2022-05-01'),
(503, 994, 'Female', 59, 14, '招牌必點', '添好運流沙包', '2022-05-01'),
(504, 813, 'Female', 24, 14, '招牌必點', '添好運流沙包', '2022-05-01'),
(505, 200, 'Male', 48, 14, '招牌必點', '好運冰火菠蘿', '2022-05-01'),
(506, 305, 'Male', 59, 14, '招牌必點', '添好運一口蛋撻', '2022-05-01'),
(507, 705, 'Male', 42, 14, '招牌必點', '酥皮焗叉燒包', '2022-05-01'),
(508, 455, 'Female', 60, 14, '招牌必點', '添好運一口蛋撻', '2022-05-01'),
(509, 153, 'Female', 41, 14, '招牌必點', '添好運一口蛋撻', '2022-05-01'),
(510, 865, 'Male', 50, 14, '招牌必點', '好運冰火菠蘿', '2022-05-01'),
(511, 941, 'Male', 58, 14, '招牌必點', '好運冰火菠蘿', '2022-05-01'),
(512, 751, 'Female', 33, 14, '招牌必點', '添好運一口蛋撻', '2022-05-01'),
(513, 491, 'Male', 28, 14, '招牌必點', '好運冰火菠蘿', '2022-05-01'),
(514, 962, 'Female', 27, 14, '招牌必點', '酥皮焗叉燒包', '2022-05-01'),
(515, 853, 'Male', 37, 14, '招牌必點', '添好運流沙包', '2022-05-01'),
(516, 519, 'Female', 19, 14, '招牌必點', '酥皮焗叉燒包', '2022-05-01'),
(517, 86, 'Male', 34, 14, '招牌必點', '好運冰火菠蘿', '2022-05-01'),
(518, 378, 'Male', 55, 14, '招牌必點', '添好運流沙包', '2022-05-01'),
(519, 973, 'Female', 32, 14, '招牌必點', '添好運一口蛋撻', '2022-05-01'),
(520, 448, 'Male', 55, 14, '招牌必點', '添好運一口蛋撻', '2022-05-01'),
(521, 547, 'Male', 27, 14, '招牌必點', '添好運一口蛋撻', '2022-05-01'),
(522, 679, 'Female', 42, 14, '招牌必點', '添好運一口蛋撻', '2022-05-01'),
(523, 338, 'Female', 48, 14, '招牌必點', '好運冰火菠蘿', '2022-05-01'),
(524, 355, 'Male', 49, 14, '招牌必點', '好運冰火菠蘿', '2022-05-01'),
(525, 834, 'Male', 20, 14, '招牌必點', '好運冰火菠蘿', '2022-05-01'),
(526, 867, 'Male', 58, 14, '招牌必點', '酥皮焗叉燒包', '2022-05-01'),
(527, 539, 'Female', 47, 14, '招牌必點', '添好運流沙包', '2022-05-01'),
(528, 629, 'Female', 32, 14, '招牌必點', '添好運一口蛋撻', '2022-05-01'),
(529, 606, 'Male', 18, 14, '招牌必點', '酥皮焗叉燒包', '2022-05-01'),
(530, 608, 'Male', 56, 14, '招牌必點', '好運冰火菠蘿', '2022-05-01'),
(531, 707, 'Female', 52, 14, '招牌必點', '好運冰火菠蘿', '2022-05-01'),
(532, 691, 'Male', 38, 14, '招牌必點', '好運冰火菠蘿', '2022-05-01'),
(533, 924, 'Male', 28, 14, '招牌必點', '酥皮焗叉燒包', '2022-05-01'),
(534, 913, 'Female', 23, 14, '招牌必點', '添好運流沙包', '2022-05-01'),
(535, 392, 'Male', 25, 14, '招牌必點', '添好運流沙包', '2022-05-01'),
(536, 798, 'Female', 43, 14, '招牌必點', '添好運一口蛋撻', '2022-05-01'),
(537, 216, 'Male', 53, 14, '招牌必點', '添好運流沙包', '2022-05-01'),
(538, 387, 'Male', 51, 14, '招牌必點', '好運冰火菠蘿', '2022-05-01'),
(539, 563, 'Female', 36, 14, '招牌必點', '好運冰火菠蘿', '2022-05-01'),
(540, 327, 'Male', 51, 14, '招牌必點', '好運冰火菠蘿', '2022-05-01'),
(541, 464, 'Male', 19, 14, '招牌必點', '酥皮焗叉燒包', '2022-05-01'),
(542, 720, 'Female', 43, 14, '招牌必點', '添好運流沙包', '2022-05-01'),
(543, 162, 'Male', 32, 14, '招牌必點', '添好運一口蛋撻', '2022-05-01'),
(544, 882, 'Female', 42, 14, '招牌必點', '酥皮焗叉燒包', '2022-05-01'),
(545, 719, 'Female', 36, 14, '招牌必點', '好運冰火菠蘿', '2022-05-01'),
(546, 726, 'Male', 25, 14, '招牌必點', '好運冰火菠蘿', '2022-05-01'),
(547, 750, 'Female', 19, 14, '招牌必點', '好運冰火菠蘿', '2022-05-01'),
(548, 106, 'Male', 51, 14, '招牌必點', '好運冰火菠蘿', '2022-05-01'),
(549, 451, 'Female', 44, 14, '招牌必點', '好運冰火菠蘿', '2022-05-01'),
(550, 543, 'Female', 58, 14, '招牌必點', '好運冰火菠蘿', '2022-05-01'),
(551, 232, 'Male', 38, 14, '招牌必點', '酥皮焗叉燒包', '2022-05-01'),
(552, 562, 'Female', 38, 14, '招牌必點', '添好運流沙包', '2022-05-01'),
(553, 493, 'Female', 33, 14, '招牌必點', '添好運一口蛋撻', '2022-05-01'),
(554, 963, 'Male', 59, 14, '招牌必點', '酥皮焗叉燒包', '2022-05-01'),
(555, 138, 'Female', 36, 14, '招牌必點', '好運冰火菠蘿', '2022-05-01'),
(556, 171, 'Female', 52, 14, '招牌必點', '好運冰火菠蘿', '2022-05-01'),
(557, 81, 'Male', 35, 14, '招牌必點', '好運冰火菠蘿', '2022-05-01'),
(558, 829, 'Male', 45, 14, '招牌必點', '添好運一口蛋撻', '2022-05-01'),
(559, 591, 'Male', 46, 14, '招牌必點', '好運冰火菠蘿', '2022-05-01'),
(560, 75, 'Female', 31, 14, '招牌必點', '添好運一口蛋撻', '2022-05-01'),
(561, 195, 'Male', 51, 14, '招牌必點', '添好運一口蛋撻', '2022-05-01'),
(562, 589, 'Female', 47, 14, '招牌必點', '添好運一口蛋撻', '2022-05-01'),
(563, 965, 'Female', 53, 14, '招牌必點', '好運冰火菠蘿', '2022-05-01'),
(564, 395, 'Female', 58, 14, '招牌必點', '添好運流沙包', '2022-05-01'),
(565, 354, 'Male', 37, 14, '招牌必點', '添好運一口蛋撻', '2022-05-01'),
(566, 154, 'Male', 31, 14, '招牌必點', '添好運流沙包', '2022-05-01'),
(567, 782, 'Female', 35, 14, '招牌必點', '酥皮焗叉燒包', '2022-05-01'),
(568, 801, 'Female', 51, 14, '招牌必點', '添好運流沙包', '2022-05-01'),
(569, 218, 'Female', 38, 14, '招牌必點', '添好運流沙包', '2022-05-01'),
(570, 326, 'Male', 38, 14, '招牌必點', '酥皮焗叉燒包', '2022-05-01'),
(571, 907, 'Female', 23, 14, '招牌必點', '好運冰火菠蘿', '2022-05-01'),
(572, 835, 'Male', 41, 14, '招牌必點', '酥皮焗叉燒包', '2022-05-01'),
(573, 115, 'Female', 57, 14, '招牌必點', '好運冰火菠蘿', '2022-05-01'),
(574, 524, 'Female', 18, 14, '招牌必點', '添好運一口蛋撻', '2022-05-01'),
(575, 938, 'Female', 30, 14, '招牌必點', '添好運一口蛋撻', '2022-05-01'),
(576, 579, 'Male', 54, 14, '招牌必點', '酥皮焗叉燒包', '2022-05-01'),
(577, 135, 'Female', 41, 14, '招牌必點', '添好運一口蛋撻', '2022-05-01'),
(578, 900, 'Male', 41, 14, '招牌必點', '添好運一口蛋撻', '2022-05-01'),
(579, 863, 'Male', 24, 14, '招牌必點', '添好運一口蛋撻', '2022-05-01'),
(580, 810, 'Male', 45, 14, '招牌必點', '添好運一口蛋撻', '2022-05-01'),
(581, 708, 'Male', 31, 14, '招牌必點', '好運冰火菠蘿', '2022-05-01'),
(582, 114, 'Male', 38, 14, '招牌必點', '好運冰火菠蘿', '2022-05-01'),
(583, 101, 'Female', 29, 14, '招牌必點', '好運冰火菠蘿', '2022-05-01'),
(584, 648, 'Male', 55, 14, '招牌必點', '酥皮焗叉燒包', '2022-05-01'),
(585, 172, 'Male', 40, 14, '招牌必點', '添好運流沙包', '2022-05-01'),
(586, 96, 'Male', 33, 14, '招牌必點', '添好運一口蛋撻', '2022-05-01'),
(587, 946, 'Female', 42, 14, '招牌必點', '酥皮焗叉燒包', '2022-05-01'),
(588, 337, 'Female', 41, 14, '招牌必點', '好運冰火菠蘿', '2022-05-01'),
(589, 943, 'Male', 37, 14, '招牌必點', '好運冰火菠蘿', '2022-05-01'),
(590, 926, 'Female', 43, 14, '招牌必點', '好運冰火菠蘿', '2022-05-01'),
(591, 977, 'Female', 28, 14, '招牌必點', '酥皮焗叉燒包', '2022-05-01'),
(592, 581, 'Female', 49, 14, '招牌必點', '添好運流沙包', '2022-05-01'),
(593, 812, 'Female', 43, 14, '招牌必點', '添好運流沙包', '2022-05-01'),
(594, 673, 'Male', 33, 14, '招牌必點', '添好運一口蛋撻', '2022-05-01'),
(595, 557, 'Female', 21, 14, '招牌必點', '添好運流沙包', '2022-05-01'),
(596, 383, 'Female', 59, 14, '招牌必點', '好運冰火菠蘿', '2022-05-01'),
(597, 783, 'Male', 37, 14, '招牌必點', '好運冰火菠蘿', '2022-05-01'),
(598, 571, 'Female', 60, 14, '招牌必點', '好運冰火菠蘿', '2022-05-01'),
(599, 637, 'Female', 27, 14, '招牌必點', '酥皮焗叉燒包', '2022-05-01'),
(600, 336, 'Female', 36, 14, '招牌必點', '添好運流沙包', '2022-05-01'),
(601, 159, 'Male', 43, 14, '招牌必點', '添好運一口蛋撻', '2022-05-01'),
(602, 492, 'Female', 30, 14, '招牌必點', '酥皮焗叉燒包', '2022-05-01'),
(603, 841, 'Female', 47, 14, '招牌必點', '好運冰火菠蘿', '2022-05-01'),
(604, 665, 'Female', 45, 14, '招牌必點', '好運冰火菠蘿', '2022-05-01'),
(605, 725, 'Female', 36, 14, '招牌必點', '好運冰火菠蘿', '2022-05-01'),
(606, 472, 'Male', 37, 14, '招牌必點', '好運冰火菠蘿', '2022-05-01'),
(607, 518, 'Female', 30, 14, '招牌必點', '好運冰火菠蘿', '2022-05-01'),
(608, 774, 'Male', 33, 14, '招牌必點', '好運冰火菠蘿', '2022-05-01'),
(609, 534, 'Male', 19, 14, '招牌必點', '酥皮焗叉燒包', '2022-05-01'),
(610, 158, 'Male', 50, 14, '招牌必點', '添好運流沙包', '2022-05-01'),
(611, 542, 'Female', 59, 14, '招牌必點', '添好運一口蛋撻', '2022-05-01'),
(612, 803, 'Male', 21, 14, '招牌必點', '酥皮焗叉燒包', '2022-05-01'),
(613, 165, 'Female', 27, 14, '招牌必點', '好運冰火菠蘿', '2022-05-01'),
(614, 533, 'Male', 31, 14, '招牌必點', '好運冰火菠蘿', '2022-05-01'),
(615, 677, 'Male', 60, 14, '招牌必點', '好運冰火菠蘿', '2022-05-01'),
(616, 469, 'Male', 58, 14, '招牌必點', '好運冰火菠蘿', '2022-04-15'),
(617, 102, 'Male', 48, 14, '招牌必點', '好運冰火菠蘿', '2022-04-15'),
(618, 363, 'Female', 31, 14, '招牌必點', '添好運一口蛋撻', '2022-04-15'),
(619, 580, 'Female', 31, 14, '招牌必點', '添好運一口蛋撻', '2022-04-15'),
(620, 201, 'Male', 29, 14, '招牌必點', '添好運一口蛋撻', '2022-04-15'),
(621, 631, 'Female', 56, 14, '招牌必點', '添好運一口蛋撻', '2022-04-15'),
(622, 82, 'Female', 23, 14, '招牌必點', '好運冰火菠蘿', '2022-04-15'),
(623, 332, 'Female', 55, 14, '招牌必點', '好運冰火菠蘿', '2022-04-15'),
(624, 271, 'Female', 30, 14, '招牌必點', '好運冰火菠蘿', '2022-04-15'),
(625, 802, 'Female', 26, 14, '招牌必點', '酥皮焗叉燒包', '2022-04-15'),
(626, 681, 'Male', 53, 14, '招牌必點', '添好運流沙包', '2022-04-15'),
(627, 944, 'Female', 18, 14, '招牌必點', '添好運一口蛋撻', '2022-04-15'),
(628, 134, 'Male', 20, 14, '招牌必點', '酥皮焗叉燒包', '2022-04-15'),
(629, 955, 'Female', 33, 14, '招牌必點', '好運冰火菠蘿', '2022-04-15'),
(630, 110, 'Female', 51, 14, '招牌必點', '好運冰火菠蘿', '2022-04-15'),
(631, 482, 'Female', 38, 14, '招牌必點', '好運冰火菠蘿', '2022-04-15'),
(632, 147, 'Male', 32, 14, '招牌必點', '酥皮焗叉燒包', '2022-04-15'),
(633, 272, 'Male', 38, 14, '招牌必點', '添好運流沙包', '2022-04-15'),
(634, 238, 'Female', 52, 14, '招牌必點', '添好運流沙包', '2022-04-15'),
(635, 427, 'Male', 38, 14, '招牌必點', '添好運一口蛋撻', '2022-04-15'),
(636, 930, 'Male', 46, 14, '招牌必點', '添好運流沙包', '2022-04-15'),
(637, 988, 'Male', 47, 14, '招牌必點', '好運冰火菠蘿', '2022-04-15'),
(638, 976, 'Male', 58, 14, '招牌必點', '好運冰火菠蘿', '2022-04-15'),
(639, 418, 'Female', 56, 14, '招牌必點', '好運冰火菠蘿', '2022-04-15'),
(640, 167, 'Female', 41, 14, '招牌必點', '酥皮焗叉燒包', '2022-04-15'),
(641, 615, 'Female', 41, 14, '招牌必點', '添好運流沙包', '2022-04-15'),
(642, 70, 'Male', 30, 14, '招牌必點', '添好運一口蛋撻', '2022-04-15'),
(643, 396, 'Female', 59, 14, '招牌必點', '酥皮焗叉燒包', '2022-04-15'),
(644, 569, 'Female', 49, 14, '招牌必點', '好運冰火菠蘿', '2022-04-15'),
(645, 315, 'Male', 46, 14, '招牌必點', '好運冰火菠蘿', '2022-04-15'),
(646, 652, 'Female', 56, 14, '招牌必點', '好運冰火菠蘿', '2022-04-15'),
(647, 623, 'Male', 38, 14, '招牌必點', '好運冰火菠蘿', '2022-04-15'),
(648, 696, 'Male', 56, 14, '招牌必點', '好運冰火菠蘿', '2022-04-15'),
(649, 302, 'Female', 48, 14, '招牌必點', '好運冰火菠蘿', '2022-04-15'),
(650, 456, 'Male', 28, 14, '招牌必點', '酥皮焗叉燒包', '2022-04-15'),
(651, 369, 'Female', 41, 14, '招牌必點', '添好運流沙包', '2022-04-15'),
(652, 345, 'Male', 52, 14, '招牌必點', '添好運一口蛋撻', '2022-04-15'),
(653, 764, 'Male', 23, 14, '招牌必點', '酥皮焗叉燒包', '2022-04-15'),
(654, 776, 'Male', 54, 14, '招牌必點', '好運冰火菠蘿', '2022-04-15'),
(655, 669, 'Male', 56, 14, '招牌必點', '好運冰火菠蘿', '2022-04-15'),
(656, 104, 'Male', 59, 14, '招牌必點', '好運冰火菠蘿', '2022-04-15'),
(657, 477, 'Male', 51, 14, '招牌必點', '好運冰火菠蘿', '2022-04-15'),
(658, 936, 'Male', 41, 14, '招牌必點', '好運冰火菠蘿', '2022-04-15'),
(659, 281, 'Female', 28, 14, '特色飲品', '港式奶茶', '2022-06-15'),
(660, 577, 'Female', 52, 14, '特色飲品', '波霸港式奶茶', '2022-06-15'),
(661, 797, 'Male', 39, 14, '特色飲品', '波霸港式奶茶', '2022-06-15'),
(662, 457, 'Male', 18, 14, '特色飲品', '港式奶茶', '2022-06-15'),
(663, 683, 'Male', 57, 14, '特色飲品', '波霸港式奶茶', '2022-06-15'),
(664, 450, 'Female', 29, 14, '特色飲品', '波霸港式奶茶', '2022-06-15'),
(665, 573, 'Male', 43, 14, '特色飲品', '波霸港式奶茶', '2022-06-15'),
(666, 657, 'Female', 27, 14, '特色飲品', '招牌凍檸茶', '2022-06-15'),
(667, 375, 'Male', 45, 14, '特色飲品', '招牌凍檸茶', '2022-06-15'),
(668, 917, 'Male', 32, 14, '特色飲品', '招牌凍檸茶', '2022-06-15'),
(669, 601, 'Female', 18, 14, '特色飲品', '招牌凍檸茶', '2022-06-15'),
(670, 389, 'Male', 54, 14, '特色飲品', '波霸港式奶茶', '2022-06-15'),
(671, 421, 'Male', 25, 14, '特色飲品', '港式奶茶', '2022-06-15'),
(672, 295, 'Female', 32, 14, '特色飲品', '波霸港式奶茶', '2022-06-15'),
(673, 310, 'Female', 41, 14, '特色飲品', '港式奶茶', '2022-06-15'),
(674, 229, 'Male', 28, 14, '特色飲品', '招牌凍檸茶', '2022-06-15'),
(675, 574, 'Female', 30, 14, '特色飲品', '招牌凍檸茶', '2022-06-15'),
(676, 816, 'Female', 48, 14, '特色飲品', '波霸港式奶茶', '2022-06-15'),
(677, 503, 'Female', 45, 14, '特色飲品', '波霸港式奶茶', '2022-06-15'),
(678, 613, 'Male', 39, 14, '特色飲品', '港式奶茶', '2022-06-15'),
(679, 755, 'Female', 39, 14, '特色飲品', '港式奶茶', '2022-06-15'),
(680, 588, 'Male', 52, 14, '特色飲品', '招牌凍檸茶', '2022-06-15'),
(681, 869, 'Female', 50, 14, '特色飲品', '招牌凍檸茶', '2022-06-15'),
(682, 495, 'Female', 28, 14, '特色飲品', '波霸港式奶茶', '2022-06-15'),
(683, 446, 'Male', 53, 14, '特色飲品', '招牌凍檸茶', '2022-06-15'),
(684, 618, 'Female', 22, 14, '特色飲品', '招牌凍檸茶', '2022-06-15'),
(685, 286, 'Male', 20, 14, '特色飲品', '招牌凍檸茶', '2022-06-15'),
(686, 161, 'Male', 26, 14, '特色飲品', '招牌凍檸茶', '2022-06-15'),
(687, 860, 'Female', 38, 14, '特色飲品', '波霸港式奶茶', '2022-06-15'),
(688, 849, 'Male', 48, 14, '特色飲品', '波霸港式奶茶', '2022-06-15'),
(689, 594, 'Male', 39, 14, '特色飲品', '波霸港式奶茶', '2022-06-15'),
(690, 929, 'Female', 58, 14, '特色飲品', '波霸港式奶茶', '2022-06-15'),
(691, 951, 'Male', 31, 14, '特色飲品', '招牌凍檸茶', '2022-06-15'),
(692, 550, 'Female', 58, 14, '特色飲品', '招牌凍檸茶', '2022-06-15'),
(693, 984, 'Female', 20, 14, '特色飲品', '招牌凍檸茶', '2022-06-15'),
(694, 710, 'Female', 30, 14, '特色飲品', '招牌凍檸茶', '2022-06-15'),
(695, 479, 'Female', 54, 14, '特色飲品', '波霸港式奶茶', '2022-06-15'),
(696, 77, 'Female', 60, 14, '特色飲品', '港式奶茶', '2022-06-15'),
(697, 796, 'Female', 52, 14, '特色飲品', '波霸港式奶茶', '2022-06-15'),
(698, 373, 'Female', 53, 14, '特色飲品', '招牌凍檸茶', '2022-06-15'),
(699, 822, 'Female', 48, 14, '特色飲品', '波霸港式奶茶', '2022-06-15'),
(700, 291, 'Female', 50, 14, '特色飲品', '港式奶茶', '2022-06-15'),
(701, 753, 'Female', 39, 14, '特色飲品', '招牌凍檸茶', '2022-06-15'),
(702, 444, 'Female', 23, 14, '特色飲品', '波霸港式奶茶', '2022-06-15'),
(703, 414, 'Male', 31, 14, '特色飲品', '波霸港式奶茶', '2022-06-15'),
(704, 330, 'Female', 38, 14, '特色飲品', '招牌凍檸茶', '2022-07-15'),
(705, 313, 'Female', 25, 14, '特色飲品', '港式奶茶', '2022-07-15'),
(706, 248, 'Female', 24, 14, '特色飲品', '招牌凍檸茶', '2022-07-15'),
(707, 498, 'Female', 27, 14, '特色飲品', '波霸港式奶茶', '2022-07-15'),
(708, 489, 'Female', 22, 14, '特色飲品', '港式奶茶', '2022-07-15'),
(709, 329, 'Female', 20, 14, '特色飲品', '港式奶茶', '2022-07-15'),
(710, 514, 'Female', 48, 14, '特色飲品', '招牌凍檸茶', '2022-07-15'),
(711, 382, 'Female', 60, 14, '特色飲品', '招牌凍檸茶', '2022-07-15'),
(712, 911, 'Female', 25, 14, '特色飲品', '招牌凍檸茶', '2022-07-15'),
(713, 644, 'Female', 22, 14, '特色飲品', '招牌凍檸茶', '2022-07-15'),
(714, 260, 'Female', 29, 14, '特色飲品', '波霸港式奶茶', '2022-07-15'),
(715, 111, 'Female', 48, 14, '特色飲品', '波霸港式奶茶', '2022-07-15'),
(716, 404, 'Female', 18, 14, '特色飲品', '港式奶茶', '2022-07-15'),
(717, 183, 'Male', 33, 14, '特色飲品', '波霸港式奶茶', '2022-07-15'),
(718, 220, 'Female', 28, 14, '特色飲品', '港式奶茶', '2022-07-15'),
(719, 79, 'Male', 59, 14, '特色飲品', '港式奶茶', '2022-07-15'),
(720, 572, 'Male', 37, 14, '特色飲品', '港式奶茶', '2022-07-15'),
(721, 432, 'Male', 55, 14, '特色飲品', '港式奶茶', '2022-07-15'),
(722, 831, 'Female', 45, 14, '特色飲品', '波霸港式奶茶', '2022-07-15'),
(723, 307, 'Male', 57, 14, '特色飲品', '波霸港式奶茶', '2022-07-15'),
(724, 578, 'Female', 33, 14, '特色飲品', '波霸港式奶茶', '2022-07-15'),
(725, 191, 'Female', 24, 14, '特色飲品', '招牌凍檸茶', '2022-07-15'),
(726, 488, 'Female', 53, 14, '特色飲品', '波霸港式奶茶', '2022-07-15'),
(727, 595, 'Male', 30, 14, '特色飲品', '招牌凍檸茶', '2022-07-15'),
(728, 826, 'Male', 38, 14, '特色飲品', '招牌凍檸茶', '2022-07-15'),
(729, 891, 'Female', 44, 14, '特色飲品', '招牌凍檸茶', '2022-07-15'),
(730, 251, 'Male', 52, 14, '特色飲品', '招牌凍檸茶', '2022-07-15'),
(731, 694, 'Female', 48, 14, '特色飲品', '波霸港式奶茶', '2022-07-15'),
(732, 480, 'Male', 53, 14, '特色飲品', '波霸港式奶茶', '2022-07-15'),
(733, 205, 'Male', 48, 14, '特色飲品', '港式奶茶', '2022-07-15'),
(734, 883, 'Male', 47, 14, '特色飲品', '招牌凍檸茶', '2022-07-15'),
(735, 921, 'Male', 33, 14, '特色飲品', '波霸港式奶茶', '2022-07-15'),
(736, 59, 'Male', 21, 14, '特色飲品', '波霸港式奶茶', '2022-07-15'),
(737, 856, 'Female', 41, 14, '特色飲品', '波霸港式奶茶', '2022-07-15'),
(738, 268, 'Male', 60, 14, '特色飲品', '招牌凍檸茶', '2022-07-15'),
(739, 50, 'Male', 57, 14, '特色飲品', '招牌凍檸茶', '2022-07-15'),
(740, 668, 'Male', 48, 14, '特色飲品', '招牌凍檸茶', '2022-07-15'),
(741, 635, 'Female', 38, 14, '特色飲品', '港式奶茶', '2022-07-15'),
(742, 521, 'Female', 22, 14, '特色飲品', '港式奶茶', '2022-07-15'),
(743, 678, 'Female', 52, 14, '特色飲品', '招牌凍檸茶', '2022-07-15'),
(744, 276, 'Male', 56, 14, '特色飲品', '波霸港式奶茶', '2022-07-15'),
(745, 438, 'Female', 24, 14, '特色飲品', '港式奶茶', '2022-07-15'),
(746, 236, 'Female', 36, 14, '特色飲品', '招牌凍檸茶', '2022-08-15'),
(747, 949, 'Male', 35, 14, '特色飲品', '港式奶茶', '2022-08-15'),
(748, 871, 'Male', 35, 14, '特色飲品', '招牌凍檸茶', '2022-08-15'),
(749, 544, 'Female', 49, 14, '特色飲品', '招牌凍檸茶', '2022-08-15'),
(750, 516, 'Female', 47, 14, '特色飲品', '港式奶茶', '2022-08-15'),
(751, 215, 'Male', 28, 14, '特色飲品', '波霸港式奶茶', '2022-08-15'),
(752, 592, 'Male', 30, 14, '特色飲品', '波霸港式奶茶', '2022-08-15'),
(753, 923, 'Female', 46, 14, '特色飲品', '招牌凍檸茶', '2022-08-15'),
(754, 858, 'Female', 31, 14, '特色飲品', '港式奶茶', '2022-08-15'),
(755, 304, 'Male', 26, 14, '特色飲品', '港式奶茶', '2022-08-15'),
(756, 721, 'Female', 41, 14, '特色飲品', '招牌凍檸茶', '2022-08-15'),
(757, 744, 'Male', 58, 14, '特色飲品', '波霸港式奶茶', '2022-08-15'),
(758, 723, 'Female', 43, 14, '特色飲品', '波霸港式奶茶', '2022-08-15'),
(759, 972, 'Male', 25, 14, '特色飲品', '港式奶茶', '2022-08-15'),
(760, 122, 'Female', 42, 14, '特色飲品', '波霸港式奶茶', '2022-08-15'),
(761, 424, 'Female', 53, 14, '特色飲品', '波霸港式奶茶', '2022-08-15'),
(762, 932, 'Female', 23, 14, '特色飲品', '波霸港式奶茶', '2022-08-15'),
(763, 959, 'Female', 24, 14, '特色飲品', '波霸港式奶茶', '2022-08-15'),
(764, 362, 'Female', 59, 14, '特色飲品', '波霸港式奶茶', '2022-08-15'),
(765, 582, 'Female', 48, 14, '特色飲品', '港式奶茶', '2022-08-15'),
(766, 87, 'Female', 21, 14, '特色飲品', '招牌凍檸茶', '2022-08-15'),
(767, 341, 'Female', 37, 14, '特色飲品', '招牌凍檸茶', '2022-08-15'),
(768, 529, 'Female', 43, 14, '特色飲品', '波霸港式奶茶', '2022-08-15'),
(769, 731, 'Female', 21, 14, '特色飲品', '波霸港式奶茶', '2022-08-15'),
(770, 422, 'Female', 41, 14, '特色飲品', '招牌凍檸茶', '2022-08-15'),
(771, 228, 'Female', 36, 14, '特色飲品', '港式奶茶', '2022-08-15'),
(772, 733, 'Female', 22, 14, '特色飲品', '港式奶茶', '2022-08-15'),
(773, 350, 'Female', 53, 14, '特色飲品', '招牌凍檸茶', '2022-08-15'),
(774, 192, 'Male', 30, 14, '特色飲品', '波霸港式奶茶', '2022-08-15'),
(775, 912, 'Female', 59, 14, '特色飲品', '波霸港式奶茶', '2022-08-15'),
(776, 672, 'Male', 40, 14, '特色飲品', '波霸港式奶茶', '2022-08-15'),
(777, 256, 'Male', 30, 14, '特色飲品', '港式奶茶', '2022-08-15'),
(778, 861, 'Male', 38, 14, '特色飲品', '港式奶茶', '2022-08-15'),
(779, 523, 'Male', 35, 14, '特色飲品', '招牌凍檸茶', '2022-08-15'),
(780, 674, 'Female', 21, 14, '特色飲品', '招牌凍檸茶', '2022-08-15'),
(781, 374, 'Female', 28, 14, '特色飲品', '波霸港式奶茶', '2022-08-15'),
(782, 156, 'Female', 59, 14, '特色飲品', '招牌凍檸茶', '2022-08-15'),
(783, 212, 'Female', 53, 14, '特色飲品', '波霸港式奶茶', '2022-08-15'),
(784, 189, 'Female', 25, 14, '特色飲品', '波霸港式奶茶', '2022-08-15'),
(785, 575, 'Male', 45, 14, '特色飲品', '波霸港式奶茶', '2022-08-15'),
(786, 462, 'Female', 39, 14, '特色飲品', '招牌凍檸茶', '2022-08-15'),
(787, 603, 'Female', 41, 14, '特色飲品', '波霸港式奶茶', '2022-08-15'),
(788, 308, 'Female', 59, 14, '特色飲品', '波霸港式奶茶', '2022-08-15'),
(789, 320, 'Female', 44, 14, '特色飲品', '波霸港式奶茶', '2022-08-15'),
(790, 937, 'Male', 26, 14, '特色飲品', '港式奶茶', '2022-08-15'),
(791, 398, 'Male', 45, 14, '特色飲品', '港式奶茶', '2022-08-15'),
(792, 886, 'Female', 18, 14, '特色飲品', '港式奶茶', '2022-08-15'),
(793, 84, 'Female', 18, 14, '特色飲品', '波霸港式奶茶', '2022-08-15'),
(794, 817, 'Female', 30, 14, '特色飲品', '波霸港式奶茶', '2022-08-15'),
(795, 558, 'Male', 21, 14, '特色飲品', '招牌凍檸茶', '2022-08-15'),
(796, 168, 'Female', 27, 14, '特色飲品', '招牌凍檸茶', '2022-08-15'),
(797, 697, 'Female', 50, 14, '特色飲品', '港式奶茶', '2022-08-15'),
(798, 361, 'Female', 27, 14, '特色飲品', '港式奶茶', '2022-08-15'),
(799, 996, 'Male', 45, 14, '特色飲品', '港式奶茶', '2022-08-15'),
(800, 857, 'Male', 50, 14, '特色飲品', '招牌凍檸茶', '2022-08-15'),
(801, 933, 'Male', 51, 14, '特色飲品', '招牌凍檸茶', '2022-08-15'),
(802, 740, 'Male', 36, 14, '特色飲品', '波霸港式奶茶', '2022-08-15'),
(803, 759, 'Female', 27, 14, '特色飲品', '招牌凍檸茶', '2022-08-15'),
(804, 497, 'Male', 52, 14, '特色飲品', '港式奶茶', '2022-08-15'),
(805, 641, 'Male', 44, 14, '特色飲品', '波霸港式奶茶', '2022-08-15'),
(806, 431, 'Male', 22, 14, '特色飲品', '波霸港式奶茶', '2022-08-15'),
(807, 282, 'Female', 50, 14, '特色飲品', '波霸港式奶茶', '2022-08-15'),
(808, 761, 'Male', 53, 14, '特色飲品', '波霸港式奶茶', '2022-08-15'),
(809, 647, 'Male', 58, 14, '特色飲品', '港式奶茶', '2022-08-15'),
(810, 693, 'Female', 35, 14, '特色飲品', '波霸港式奶茶', '2022-08-15'),
(811, 969, 'Male', 32, 14, '特色飲品', '波霸港式奶茶', '2022-08-15'),
(812, 137, 'Male', 30, 14, '特色飲品', '港式奶茶', '2022-08-15'),
(813, 144, 'Male', 40, 14, '特色飲品', '招牌凍檸茶', '2022-08-15'),
(814, 430, 'Male', 56, 14, '特色飲品', '波霸港式奶茶', '2022-08-15'),
(815, 931, 'Female', 21, 14, '特色飲品', '招牌凍檸茶', '2022-08-15'),
(816, 126, 'Male', 20, 14, '特色飲品', '波霸港式奶茶', '2022-08-15'),
(817, 809, 'Male', 52, 14, '特色飲品', '招牌凍檸茶', '2022-08-15'),
(818, 818, 'Male', 30, 14, '特色飲品', '波霸港式奶茶', '2022-08-15'),
(819, 255, 'Female', 55, 14, '特色飲品', '港式奶茶', '2022-08-15'),
(820, 470, 'Male', 40, 14, '特色飲品', '招牌凍檸茶', '2022-08-15'),
(821, 970, 'Male', 18, 14, '特色飲品', '波霸港式奶茶', '2022-08-15'),
(822, 445, 'Male', 21, 14, '特色飲品', '招牌凍檸茶', '2022-08-15'),
(823, 285, 'Female', 59, 14, '特色飲品', '招牌凍檸茶', '2022-08-15'),
(824, 90, 'Female', 46, 14, '特色飲品', '波霸港式奶茶', '2022-08-15'),
(825, 52, 'Male', 30, 14, '特色飲品', '港式奶茶', '2022-08-15'),
(826, 234, 'Male', 38, 14, '特色飲品', '港式奶茶', '2022-08-15'),
(827, 474, 'Male', 41, 14, '特色飲品', '港式奶茶', '2022-08-15'),
(828, 410, 'Male', 44, 14, '特色飲品', '波霸港式奶茶', '2022-08-15'),
(829, 758, 'Male', 24, 14, '特色飲品', '招牌凍檸茶', '2022-08-15'),
(830, 894, 'Male', 58, 14, '特色飲品', '招牌凍檸茶', '2022-08-15'),
(831, 597, 'Female', 52, 14, '特色飲品', '招牌凍檸茶', '2022-08-15'),
(832, 643, 'Male', 49, 14, '特色飲品', '港式奶茶', '2022-08-15'),
(833, 836, 'Male', 55, 14, '特色飲品', '港式奶茶', '2022-08-15'),
(834, 224, 'Male', 35, 14, '特色飲品', '波霸港式奶茶', '2022-08-15'),
(835, 789, 'Male', 46, 14, '特色飲品', '港式奶茶', '2022-08-15'),
(836, 587, 'Male', 55, 14, '特色飲品', '招牌凍檸茶', '2022-08-15'),
(837, 877, 'Male', 39, 14, '特色飲品', '波霸港式奶茶', '2022-08-15'),
(838, 348, 'Female', 42, 14, '特色飲品', '波霸港式奶茶', '2022-08-15'),
(839, 662, 'Male', 35, 14, '特色飲品', '招牌凍檸茶', '2022-08-15'),
(840, 660, 'Female', 36, 14, '特色飲品', '港式奶茶', '2022-08-15'),
(841, 752, 'Male', 34, 14, '特色飲品', '港式奶茶', '2022-08-15'),
(842, 880, 'Female', 32, 14, '特色飲品', '招牌凍檸茶', '2022-08-15'),
(843, 372, 'Female', 54, 14, '特色飲品', '波霸港式奶茶', '2022-08-15'),
(844, 879, 'Female', 35, 14, '特色飲品', '招牌凍檸茶', '2022-08-15'),
(845, 319, 'Male', 19, 14, '特色飲品', '港式奶茶', '2022-08-15'),
(846, 807, 'Male', 23, 14, '特色飲品', '港式奶茶', '2022-08-15'),
(847, 866, 'Female', 27, 14, '特色飲品', '波霸港式奶茶', '2022-08-15'),
(848, 682, 'Male', 27, 14, '特色飲品', '波霸港式奶茶', '2022-08-15'),
(849, 207, 'Male', 26, 14, '特色飲品', '波霸港式奶茶', '2022-08-15'),
(850, 960, 'Male', 30, 14, '特色飲品', '招牌凍檸茶', '2022-08-15'),
(851, 67, 'Female', 29, 14, '特色飲品', '波霸港式奶茶', '2022-08-15'),
(852, 407, 'Male', 51, 14, '特色飲品', '港式奶茶', '2022-08-15'),
(853, 468, 'Female', 52, 14, '特色飲品', '招牌凍檸茶', '2022-08-15'),
(854, 366, 'Female', 34, 14, '特色飲品', '招牌凍檸茶', '2022-08-15'),
(855, 653, 'Male', 50, 14, '特色飲品', '招牌凍檸茶', '2022-08-15'),
(856, 76, 'Female', 33, 14, '特色飲品', '招牌凍檸茶', '2022-08-15'),
(857, 554, 'Male', 56, 14, '特色飲品', '波霸港式奶茶', '2022-08-15'),
(858, 515, 'Male', 28, 14, '特色飲品', '波霸港式奶茶', '2022-08-15'),
(859, 701, 'Male', 34, 14, '特色飲品', '波霸港式奶茶', '2022-08-15'),
(860, 766, 'Male', 57, 14, '湯品', '蟲草猴頭菇燉湯', '2022-11-30'),
(861, 157, 'Female', 25, 14, '湯品', '蟲草猴頭菇燉湯', '2022-11-30'),
(862, 982, 'Female', 46, 14, '湯品', '蟲草猴頭菇燉湯', '2022-11-30'),
(863, 945, 'Male', 29, 14, '湯品', '蟲草猴頭菇燉湯', '2022-11-30'),
(864, 429, 'Male', 24, 14, '湯品', '白胡椒肚片湯', '2022-11-30'),
(865, 269, 'Male', 57, 14, '湯品', '白胡椒肚片湯', '2022-11-30'),
(866, 343, 'Male', 48, 14, '湯品', '白胡椒肚片湯', '2022-11-30'),
(867, 239, 'Female', 45, 14, '湯品', '蟲草猴頭菇燉湯', '2022-11-30'),
(868, 632, 'Male', 23, 14, '湯品', '白胡椒肚片湯', '2022-11-30');
INSERT INTO `touch` (`TC_ChartID`, `user_id`, `user_gender`, `user_birth`, `shop_id`, `menu_type`, `menu_name`, `touch_time`) VALUES
(869, 346, 'Male', 60, 14, '湯品', '蟲草猴頭菇燉湯', '2022-11-30'),
(870, 513, 'Male', 47, 14, '湯品', '白胡椒肚片湯', '2022-11-30'),
(871, 628, 'Male', 26, 14, '湯品', '白胡椒肚片湯', '2022-11-30'),
(872, 823, 'Male', 43, 14, '湯品', '白胡椒肚片湯', '2022-11-30'),
(873, 564, 'Female', 22, 14, '湯品', '蟲草猴頭菇燉湯', '2022-11-30'),
(874, 197, 'Female', 35, 14, '湯品', '白胡椒肚片湯', '2022-11-30'),
(875, 311, 'Female', 37, 14, '湯品', '白胡椒肚片湯', '2022-11-30'),
(876, 788, 'Male', 52, 14, '湯品', '白胡椒肚片湯', '2022-11-30'),
(877, 702, 'Male', 51, 14, '湯品', '白胡椒肚片湯', '2022-11-30'),
(878, 837, 'Male', 60, 14, '湯品', '白胡椒肚片湯', '2022-11-30'),
(879, 584, 'Female', 26, 14, '湯品', '白胡椒肚片湯', '2022-11-30'),
(880, 486, 'Female', 47, 14, '湯品', '蟲草猴頭菇燉湯', '2022-11-30'),
(881, 897, 'Male', 28, 14, '湯品', '蟲草猴頭菇燉湯', '2022-11-30'),
(882, 954, 'Male', 21, 14, '湯品', '白胡椒肚片湯', '2022-11-30'),
(883, 983, 'Male', 51, 14, '湯品', '蟲草猴頭菇燉湯', '2022-11-30'),
(884, 625, 'Female', 25, 14, '湯品', '蟲草猴頭菇燉湯', '2022-11-30'),
(885, 261, 'Female', 59, 14, '湯品', '蟲草猴頭菇燉湯', '2022-11-30'),
(886, 599, 'Male', 59, 14, '湯品', '白胡椒肚片湯', '2022-11-30'),
(887, 413, 'Male', 46, 14, '湯品', '蟲草猴頭菇燉湯', '2022-12-15'),
(888, 709, 'Male', 38, 14, '湯品', '蟲草猴頭菇燉湯', '2022-12-15'),
(889, 293, 'Male', 46, 14, '湯品', '白胡椒肚片湯', '2022-12-15'),
(890, 994, 'Female', 59, 14, '湯品', '蟲草猴頭菇燉湯', '2022-12-15'),
(891, 813, 'Female', 24, 14, '湯品', '蟲草猴頭菇燉湯', '2022-12-15'),
(892, 200, 'Male', 48, 14, '湯品', '蟲草猴頭菇燉湯', '2022-12-15'),
(893, 305, 'Male', 59, 14, '湯品', '蟲草猴頭菇燉湯', '2022-12-15'),
(894, 705, 'Male', 42, 14, '湯品', '蟲草猴頭菇燉湯', '2022-12-15'),
(895, 455, 'Female', 60, 14, '湯品', '蟲草猴頭菇燉湯', '2022-12-15'),
(896, 153, 'Female', 41, 14, '湯品', '蟲草猴頭菇燉湯', '2022-12-15'),
(897, 865, 'Male', 50, 14, '湯品', '蟲草猴頭菇燉湯', '2022-12-15'),
(898, 941, 'Male', 58, 14, '湯品', '白胡椒肚片湯', '2022-12-15'),
(899, 751, 'Female', 33, 14, '湯品', '蟲草猴頭菇燉湯', '2022-12-15'),
(900, 491, 'Male', 28, 14, '湯品', '白胡椒肚片湯', '2022-12-15'),
(901, 962, 'Female', 27, 14, '湯品', '白胡椒肚片湯', '2022-12-15'),
(902, 853, 'Male', 37, 14, '湯品', '蟲草猴頭菇燉湯', '2022-12-15'),
(903, 519, 'Female', 19, 14, '湯品', '蟲草猴頭菇燉湯', '2022-12-15'),
(904, 86, 'Male', 34, 14, '湯品', '白胡椒肚片湯', '2022-12-15'),
(905, 378, 'Male', 55, 14, '湯品', '蟲草猴頭菇燉湯', '2022-12-15'),
(906, 973, 'Female', 32, 14, '湯品', '白胡椒肚片湯', '2022-12-15'),
(907, 448, 'Male', 55, 14, '湯品', '白胡椒肚片湯', '2022-12-15'),
(908, 547, 'Male', 27, 14, '湯品', '白胡椒肚片湯', '2022-12-15'),
(909, 679, 'Female', 42, 14, '湯品', '蟲草猴頭菇燉湯', '2022-12-15'),
(910, 338, 'Female', 48, 14, '湯品', '白胡椒肚片湯', '2022-12-15'),
(911, 355, 'Male', 49, 14, '湯品', '蟲草猴頭菇燉湯', '2022-12-15'),
(912, 834, 'Male', 20, 14, '湯品', '白胡椒肚片湯', '2022-12-15'),
(913, 867, 'Male', 58, 14, '湯品', '白胡椒肚片湯', '2022-12-15'),
(914, 539, 'Female', 47, 14, '湯品', '白胡椒肚片湯', '2022-12-15'),
(915, 629, 'Female', 32, 14, '湯品', '蟲草猴頭菇燉湯', '2022-12-15'),
(916, 606, 'Male', 18, 14, '湯品', '蟲草猴頭菇燉湯', '2022-12-15'),
(917, 608, 'Male', 56, 14, '湯品', '白胡椒肚片湯', '2022-12-15'),
(918, 707, 'Female', 52, 14, '湯品', '白胡椒肚片湯', '2022-12-15'),
(919, 691, 'Male', 38, 14, '湯品', '蟲草猴頭菇燉湯', '2022-12-15'),
(920, 924, 'Male', 28, 14, '湯品', '白胡椒肚片湯', '2022-12-15'),
(921, 913, 'Female', 23, 14, '湯品', '白胡椒肚片湯', '2022-12-15'),
(922, 392, 'Male', 25, 14, '湯品', '蟲草猴頭菇燉湯', '2022-12-15'),
(923, 798, 'Female', 43, 14, '湯品', '白胡椒肚片湯', '2022-12-15'),
(924, 216, 'Male', 53, 14, '湯品', '蟲草猴頭菇燉湯', '2022-12-15'),
(925, 387, 'Male', 51, 14, '湯品', '蟲草猴頭菇燉湯', '2022-12-15'),
(926, 563, 'Female', 36, 14, '湯品', '白胡椒肚片湯', '2022-12-15'),
(927, 327, 'Male', 51, 14, '湯品', '蟲草猴頭菇燉湯', '2022-12-15'),
(928, 464, 'Male', 19, 14, '湯品', '白胡椒肚片湯', '2022-12-15'),
(929, 720, 'Female', 43, 14, '湯品', '白胡椒肚片湯', '2022-12-15'),
(930, 162, 'Male', 32, 14, '湯品', '蟲草猴頭菇燉湯', '2022-12-15'),
(931, 882, 'Female', 42, 14, '湯品', '蟲草猴頭菇燉湯', '2022-12-15'),
(932, 719, 'Female', 36, 14, '湯品', '白胡椒肚片湯', '2022-12-15'),
(933, 726, 'Male', 25, 14, '湯品', '白胡椒肚片湯', '2022-12-15'),
(934, 750, 'Female', 19, 14, '湯品', '白胡椒肚片湯', '2022-12-15'),
(935, 106, 'Male', 51, 14, '湯品', '白胡椒肚片湯', '2022-12-15'),
(936, 451, 'Female', 44, 14, '湯品', '白胡椒肚片湯', '2022-12-15'),
(937, 543, 'Female', 58, 14, '湯品', '白胡椒肚片湯', '2022-12-15'),
(938, 232, 'Male', 38, 14, '湯品', '蟲草猴頭菇燉湯', '2022-12-15'),
(939, 562, 'Female', 38, 14, '湯品', '蟲草猴頭菇燉湯', '2022-12-15'),
(940, 493, 'Female', 33, 14, '湯品', '蟲草猴頭菇燉湯', '2022-12-15'),
(941, 963, 'Male', 59, 14, '湯品', '蟲草猴頭菇燉湯', '2022-12-15'),
(942, 138, 'Female', 36, 14, '湯品', '蟲草猴頭菇燉湯', '2022-12-15'),
(943, 171, 'Female', 52, 14, '湯品', '白胡椒肚片湯', '2022-12-15'),
(944, 81, 'Male', 35, 14, '湯品', '蟲草猴頭菇燉湯', '2022-12-15'),
(945, 829, 'Male', 45, 14, '湯品', '蟲草猴頭菇燉湯', '2022-12-15'),
(946, 591, 'Male', 46, 14, '湯品', '蟲草猴頭菇燉湯', '2022-12-15'),
(947, 75, 'Female', 31, 14, '湯品', '白胡椒肚片湯', '2022-12-15'),
(948, 195, 'Male', 51, 14, '湯品', '白胡椒肚片湯', '2022-12-15'),
(949, 589, 'Female', 47, 14, '湯品', '白胡椒肚片湯', '2022-12-15'),
(950, 965, 'Female', 53, 14, '湯品', '白胡椒肚片湯', '2022-12-15'),
(951, 395, 'Female', 58, 14, '湯品', '蟲草猴頭菇燉湯', '2022-12-15'),
(952, 354, 'Male', 37, 14, '湯品', '白胡椒肚片湯', '2022-12-15'),
(953, 154, 'Male', 31, 14, '湯品', '白胡椒肚片湯', '2022-12-15'),
(954, 782, 'Female', 35, 14, '湯品', '蟲草猴頭菇燉湯', '2022-12-15'),
(955, 801, 'Female', 51, 14, '湯品', '白胡椒肚片湯', '2022-12-15'),
(956, 218, 'Female', 38, 14, '湯品', '蟲草猴頭菇燉湯', '2022-12-15'),
(957, 326, 'Male', 38, 14, '湯品', '蟲草猴頭菇燉湯', '2022-12-15'),
(958, 907, 'Female', 23, 14, '湯品', '白胡椒肚片湯', '2022-12-15'),
(959, 835, 'Male', 41, 14, '湯品', '蟲草猴頭菇燉湯', '2022-12-15'),
(960, 115, 'Female', 57, 14, '湯品', '蟲草猴頭菇燉湯', '2022-12-15'),
(961, 524, 'Female', 18, 14, '湯品', '蟲草猴頭菇燉湯', '2022-12-15'),
(962, 938, 'Female', 30, 14, '湯品', '蟲草猴頭菇燉湯', '2022-12-15'),
(963, 579, 'Male', 54, 14, '湯品', '白胡椒肚片湯', '2022-12-15'),
(964, 135, 'Female', 41, 14, '湯品', '白胡椒肚片湯', '2022-12-15'),
(965, 900, 'Male', 41, 14, '湯品', '白胡椒肚片湯', '2022-12-15'),
(966, 863, 'Male', 24, 14, '湯品', '白胡椒肚片湯', '2022-12-15'),
(967, 810, 'Male', 45, 14, '湯品', '白胡椒肚片湯', '2022-12-15'),
(968, 708, 'Male', 31, 14, '湯品', '蟲草猴頭菇燉湯', '2022-12-15'),
(969, 114, 'Male', 38, 14, '湯品', '蟲草猴頭菇燉湯', '2022-12-15'),
(970, 101, 'Female', 29, 14, '湯品', '白胡椒肚片湯', '2022-12-15'),
(971, 648, 'Male', 55, 14, '湯品', '白胡椒肚片湯', '2022-12-15'),
(972, 172, 'Male', 40, 14, '湯品', '白胡椒肚片湯', '2022-12-15'),
(973, 96, 'Male', 33, 14, '湯品', '白胡椒肚片湯', '2022-12-15'),
(974, 946, 'Female', 42, 14, '湯品', '蟲草猴頭菇燉湯', '2022-12-15'),
(975, 337, 'Female', 41, 14, '湯品', '白胡椒肚片湯', '2022-12-15'),
(976, 943, 'Male', 37, 14, '湯品', '蟲草猴頭菇燉湯', '2022-12-15'),
(977, 926, 'Female', 43, 14, '湯品', '白胡椒肚片湯', '2022-12-15'),
(978, 977, 'Female', 28, 14, '湯品', '蟲草猴頭菇燉湯', '2022-12-15'),
(979, 581, 'Female', 49, 14, '湯品', '白胡椒肚片湯', '2022-12-15'),
(980, 812, 'Female', 43, 14, '湯品', '蟲草猴頭菇燉湯', '2022-12-15'),
(981, 673, 'Male', 33, 14, '主食', 'XO醬臘味炒飯', '2023-01-31'),
(982, 557, 'Female', 21, 14, '主食', 'XO醬臘味炒飯', '2023-01-31'),
(983, 383, 'Female', 59, 14, '主食', '干貝絲炒麵', '2023-01-31'),
(984, 783, 'Male', 37, 14, '主食', 'XO醬臘味炒飯', '2023-01-31'),
(985, 571, 'Female', 60, 14, '主食', '干貝絲炒麵', '2023-01-31'),
(986, 637, 'Female', 27, 14, '主食', '干貝絲炒麵', '2023-01-31'),
(987, 336, 'Female', 36, 14, '主食', '港式牛肉撈麵', '2023-01-31'),
(988, 159, 'Male', 43, 14, '主食', 'XO醬臘味炒飯', '2023-01-31'),
(989, 492, 'Female', 30, 14, '主食', 'XO醬臘味炒飯', '2023-01-31'),
(990, 841, 'Female', 47, 14, '主食', '干貝絲炒麵', '2023-01-31'),
(991, 665, 'Female', 45, 14, '主食', '港式牛肉撈麵', '2023-01-31'),
(992, 725, 'Female', 36, 14, '主食', '干貝絲炒麵', '2023-01-31'),
(993, 472, 'Male', 37, 14, '主食', 'XO醬臘味炒飯', '2023-01-31'),
(994, 518, 'Female', 30, 14, '主食', '港式牛肉撈麵', '2023-01-31'),
(995, 774, 'Male', 33, 14, '主食', 'XO醬臘味炒飯', '2023-01-31'),
(996, 534, 'Male', 19, 14, '主食', '港式牛肉撈麵', '2023-01-31'),
(997, 158, 'Male', 50, 14, '主食', '干貝絲炒麵', '2023-01-31'),
(998, 542, 'Female', 59, 14, '主食', '干貝絲炒麵', '2023-01-31'),
(999, 803, 'Male', 21, 14, '主食', '港式牛肉撈麵', '2023-01-31'),
(1000, 165, 'Female', 27, 14, '主食', '港式牛肉撈麵', '2023-01-31'),
(1001, 533, 'Male', 31, 14, '主食', '港式牛肉撈麵', '2023-01-31'),
(1002, 677, 'Male', 60, 14, '主食', 'XO醬臘味炒飯', '2023-01-31'),
(1003, 469, 'Male', 58, 14, '主食', '干貝絲炒麵', '2023-01-31'),
(1004, 102, 'Male', 48, 14, '主食', 'XO醬臘味炒飯', '2023-01-31'),
(1005, 363, 'Female', 31, 14, '主食', '港式牛肉撈麵', '2023-01-31'),
(1006, 580, 'Female', 31, 14, '主食', 'XO醬臘味炒飯', '2023-01-31'),
(1007, 201, 'Male', 29, 14, '主食', '港式牛肉撈麵', '2023-01-31'),
(1008, 631, 'Female', 56, 14, '主食', 'XO醬臘味炒飯', '2023-01-31'),
(1009, 82, 'Female', 23, 14, '主食', 'XO醬臘味炒飯', '2023-01-31'),
(1010, 332, 'Female', 55, 14, '主食', '港式牛肉撈麵', '2023-01-31'),
(1011, 271, 'Female', 30, 14, '主食', '干貝絲炒麵', '2023-01-31'),
(1012, 802, 'Female', 26, 14, '主食', '港式牛肉撈麵', '2023-01-31'),
(1013, 681, 'Male', 53, 14, '主食', '干貝絲炒麵', '2023-01-31'),
(1014, 944, 'Female', 18, 14, '主食', '干貝絲炒麵', '2023-01-31'),
(1015, 134, 'Male', 20, 14, '主食', '港式牛肉撈麵', '2023-01-31'),
(1016, 955, 'Female', 33, 14, '主食', '干貝絲炒麵', '2023-01-31'),
(1017, 110, 'Female', 51, 14, '主食', '港式牛肉撈麵', '2023-01-31'),
(1018, 482, 'Female', 38, 14, '主食', 'XO醬臘味炒飯', '2023-01-31'),
(1019, 147, 'Male', 32, 14, '主食', '干貝絲炒麵', '2023-01-31'),
(1020, 272, 'Male', 38, 14, '主食', '港式牛肉撈麵', '2023-01-31'),
(1021, 238, 'Female', 52, 14, '主食', 'XO醬臘味炒飯', '2023-01-31'),
(1022, 427, 'Male', 38, 14, '主食', '港式牛肉撈麵', '2023-01-31'),
(1023, 930, 'Male', 46, 14, '主食', 'XO醬臘味炒飯', '2023-01-31'),
(1024, 988, 'Male', 47, 14, '主食', '干貝絲炒麵', '2023-01-31'),
(1025, 976, 'Male', 58, 14, '主食', '港式牛肉撈麵', '2023-01-31'),
(1026, 418, 'Female', 56, 14, '主食', 'XO醬臘味炒飯', '2023-01-31'),
(1027, 167, 'Female', 41, 14, '主食', '港式牛肉撈麵', '2023-01-31'),
(1028, 615, 'Female', 41, 14, '主食', '干貝絲炒麵', '2023-01-31'),
(1029, 70, 'Male', 30, 14, '主食', 'XO醬臘味炒飯', '2023-01-31'),
(1030, 396, 'Female', 59, 14, '主食', 'XO醬臘味炒飯', '2023-01-31'),
(1031, 569, 'Female', 49, 14, '主食', '干貝絲炒麵', '2023-01-31'),
(1032, 315, 'Male', 46, 14, '主食', 'XO醬臘味炒飯', '2023-01-31'),
(1033, 652, 'Female', 56, 14, '主食', '干貝絲炒麵', '2023-01-31'),
(1034, 623, 'Male', 38, 14, '主食', '港式牛肉撈麵', '2023-01-31'),
(1035, 696, 'Male', 56, 14, '主食', '干貝絲炒麵', '2023-01-31'),
(1036, 302, 'Female', 48, 14, '主食', '港式牛肉撈麵', '2023-01-31'),
(1037, 456, 'Male', 28, 14, '主食', '干貝絲炒麵', '2023-01-31'),
(1038, 369, 'Female', 41, 14, '主食', '干貝絲炒麵', '2023-01-31'),
(1039, 345, 'Male', 52, 14, '主食', '港式牛肉撈麵', '2023-01-31'),
(1040, 764, 'Male', 23, 14, '主食', '港式牛肉撈麵', '2023-01-31'),
(1041, 776, 'Male', 54, 14, '主食', '港式牛肉撈麵', '2023-01-31'),
(1042, 669, 'Male', 56, 14, '主食', '港式牛肉撈麵', '2023-01-31'),
(1043, 104, 'Male', 59, 14, '主食', '干貝絲炒麵', '2023-01-31'),
(1044, 477, 'Male', 51, 14, '主食', '港式牛肉撈麵', '2023-01-31'),
(1045, 936, 'Male', 41, 14, '主食', 'XO醬臘味炒飯', '2023-01-31'),
(1046, 281, 'Female', 28, 14, '主食', 'XO醬臘味炒飯', '2023-01-31'),
(1047, 577, 'Female', 52, 14, '主食', '港式牛肉撈麵', '2023-01-31'),
(1048, 797, 'Male', 39, 14, '主食', 'XO醬臘味炒飯', '2023-01-31'),
(1049, 457, 'Male', 18, 14, '主食', '干貝絲炒麵', '2023-01-31'),
(1050, 683, 'Male', 57, 14, '主食', '干貝絲炒麵', '2023-01-31'),
(1051, 450, 'Female', 29, 14, '主食', '港式牛肉撈麵', '2023-01-31'),
(1052, 573, 'Male', 43, 14, '主食', '港式牛肉撈麵', '2023-01-31'),
(1053, 657, 'Female', 27, 14, '主食', '港式牛肉撈麵', '2023-01-31'),
(1054, 375, 'Male', 45, 14, '主食', '港式牛肉撈麵', '2023-01-31'),
(1055, 917, 'Male', 32, 14, '主食', '干貝絲炒麵', '2023-01-31'),
(1056, 601, 'Female', 18, 14, '主食', '港式牛肉撈麵', '2023-01-31'),
(1057, 389, 'Male', 54, 14, '主食', '干貝絲炒麵', '2023-01-31'),
(1058, 421, 'Male', 25, 14, '主食', 'XO醬臘味炒飯', '2023-01-31'),
(1059, 295, 'Female', 32, 14, '主食', 'XO醬臘味炒飯', '2023-01-31'),
(1060, 310, 'Female', 41, 14, '主食', '干貝絲炒麵', '2023-01-31'),
(1061, 229, 'Male', 28, 14, '主食', 'XO醬臘味炒飯', '2023-01-31'),
(1062, 574, 'Female', 30, 14, '主食', 'XO醬臘味炒飯', '2023-01-31'),
(1063, 816, 'Female', 48, 14, '主食', '干貝絲炒麵', '2023-01-31'),
(1064, 503, 'Female', 45, 14, '主食', '港式牛肉撈麵', '2023-01-31'),
(1065, 613, 'Male', 39, 14, '主食', '港式牛肉撈麵', '2023-01-31'),
(1066, 755, 'Female', 39, 14, '主食', '港式牛肉撈麵', '2023-01-31'),
(1067, 588, 'Male', 52, 14, '主食', '港式牛肉撈麵', '2023-01-31'),
(1068, 869, 'Female', 50, 14, '主食', 'XO醬臘味炒飯', '2023-01-31'),
(1069, 495, 'Female', 28, 14, '主食', 'XO醬臘味炒飯', '2023-01-31'),
(1070, 446, 'Male', 53, 14, '主食', 'XO醬臘味炒飯', '2023-01-31'),
(1071, 618, 'Female', 22, 14, '主食', '港式牛肉撈麵', '2023-01-31'),
(1072, 286, 'Male', 20, 14, '主食', '港式牛肉撈麵', '2023-01-31'),
(1073, 161, 'Male', 26, 14, '主食', 'XO醬臘味炒飯', '2023-01-31'),
(1074, 860, 'Female', 38, 14, '主食', 'XO醬臘味炒飯', '2023-01-31'),
(1075, 849, 'Male', 48, 14, '主食', '港式牛肉撈麵', '2023-01-31'),
(1076, 594, 'Male', 39, 14, '主食', '干貝絲炒麵', '2023-01-31'),
(1077, 929, 'Female', 58, 14, '主食', 'XO醬臘味炒飯', '2023-01-31'),
(1078, 951, 'Male', 31, 14, '主食', 'XO醬臘味炒飯', '2023-01-31'),
(1079, 550, 'Female', 58, 14, '主食', '港式牛肉撈麵', '2023-01-31'),
(1080, 984, 'Female', 20, 14, '主食', 'XO醬臘味炒飯', '2023-01-31'),
(1081, 710, 'Female', 30, 14, '主食', 'XO醬臘味炒飯', '2023-01-31'),
(1082, 479, 'Female', 54, 14, '主食', 'XO醬臘味炒飯', '2023-01-31'),
(1083, 77, 'Female', 60, 14, '主食', '港式牛肉撈麵', '2023-02-05'),
(1084, 796, 'Female', 52, 14, '主食', 'XO醬臘味炒飯', '2023-02-05'),
(1085, 373, 'Female', 53, 14, '主食', '干貝絲炒麵', '2023-02-05'),
(1086, 822, 'Female', 48, 14, '主食', '干貝絲炒麵', '2023-02-05'),
(1087, 291, 'Female', 50, 14, '主食', 'XO醬臘味炒飯', '2023-02-05'),
(1088, 753, 'Female', 39, 14, '主食', '港式牛肉撈麵', '2023-02-05'),
(1089, 444, 'Female', 23, 14, '主食', 'XO醬臘味炒飯', '2023-02-05'),
(1090, 414, 'Male', 31, 14, '主食', '港式牛肉撈麵', '2023-02-05'),
(1091, 330, 'Female', 38, 14, '主食', '干貝絲炒麵', '2023-02-05'),
(1092, 313, 'Female', 25, 14, '主食', '干貝絲炒麵', '2023-02-05'),
(1093, 248, 'Female', 24, 14, '主食', 'XO醬臘味炒飯', '2023-02-05'),
(1094, 498, 'Female', 27, 14, '主食', 'XO醬臘味炒飯', '2023-02-05'),
(1095, 489, 'Female', 22, 14, '主食', '港式牛肉撈麵', '2023-02-05'),
(1096, 329, 'Female', 20, 14, '主食', 'XO醬臘味炒飯', '2023-02-05'),
(1097, 514, 'Female', 48, 14, '主食', 'XO醬臘味炒飯', '2023-02-05'),
(1098, 382, 'Female', 60, 14, '主食', '港式牛肉撈麵', '2023-02-05'),
(1099, 911, 'Female', 25, 14, '主食', '港式牛肉撈麵', '2023-02-05'),
(1100, 644, 'Female', 22, 14, '主食', '港式牛肉撈麵', '2023-02-05'),
(1101, 260, 'Female', 29, 14, '主食', 'XO醬臘味炒飯', '2023-02-05'),
(1102, 111, 'Female', 48, 14, '主食', '干貝絲炒麵', '2023-02-05'),
(1103, 404, 'Female', 18, 14, '主食', '干貝絲炒麵', '2023-02-05'),
(1104, 183, 'Male', 33, 14, '主食', '港式牛肉撈麵', '2023-02-05'),
(1105, 220, 'Female', 28, 14, '主食', '干貝絲炒麵', '2023-02-05'),
(1106, 79, 'Male', 59, 14, '主食', 'XO醬臘味炒飯', '2023-02-05'),
(1107, 572, 'Male', 37, 14, '主食', '干貝絲炒麵', '2023-02-05'),
(1108, 432, 'Male', 55, 14, '主食', '干貝絲炒麵', '2023-02-05'),
(1109, 831, 'Female', 45, 14, '主食', '港式牛肉撈麵', '2023-02-05'),
(1110, 307, 'Male', 57, 14, '主食', 'XO醬臘味炒飯', '2023-02-05'),
(1111, 578, 'Female', 33, 14, '主食', '港式牛肉撈麵', '2023-02-05'),
(1112, 191, 'Female', 24, 14, '主食', '干貝絲炒麵', '2023-02-05'),
(1113, 488, 'Female', 53, 14, '主食', '干貝絲炒麵', '2023-02-05'),
(1114, 595, 'Male', 30, 14, '主食', '港式牛肉撈麵', '2023-02-05'),
(1115, 826, 'Male', 38, 14, '主食', 'XO醬臘味炒飯', '2023-02-05'),
(1116, 891, 'Female', 44, 14, '主食', 'XO醬臘味炒飯', '2023-02-05'),
(1117, 251, 'Male', 52, 14, '主食', '干貝絲炒麵', '2023-02-05'),
(1118, 694, 'Female', 48, 14, '主食', '干貝絲炒麵', '2023-02-05'),
(1119, 480, 'Male', 53, 14, '主食', '港式牛肉撈麵', '2023-02-05'),
(1120, 205, 'Male', 48, 14, '主食', '干貝絲炒麵', '2023-02-05'),
(1121, 883, 'Male', 47, 14, '主食', 'XO醬臘味炒飯', '2023-02-05'),
(1122, 921, 'Male', 33, 14, '主食', '港式牛肉撈麵', '2023-02-05'),
(1123, 59, 'Male', 21, 14, '主食', '干貝絲炒麵', '2023-02-05'),
(1124, 856, 'Female', 41, 14, '主食', '港式牛肉撈麵', '2023-02-05'),
(1125, 268, 'Male', 60, 14, '主食', '干貝絲炒麵', '2023-02-05'),
(1126, 50, 'Male', 57, 14, '主食', 'XO醬臘味炒飯', '2023-02-05'),
(1127, 668, 'Male', 48, 14, '主食', '港式牛肉撈麵', '2023-02-05'),
(1128, 635, 'Female', 38, 14, '主食', '干貝絲炒麵', '2023-02-05'),
(1129, 521, 'Female', 22, 14, '主食', '干貝絲炒麵', '2023-02-05'),
(1130, 678, 'Female', 52, 14, '主食', 'XO醬臘味炒飯', '2023-02-05'),
(1131, 276, 'Male', 56, 14, '主食', 'XO醬臘味炒飯', '2023-02-05'),
(1132, 438, 'Female', 24, 14, '主食', '干貝絲炒麵', '2023-02-05'),
(1133, 236, 'Female', 36, 14, '主食', '港式牛肉撈麵', '2023-02-05'),
(1134, 949, 'Male', 35, 14, '主食', 'XO醬臘味炒飯', '2023-03-01'),
(1135, 871, 'Male', 35, 14, '主食', '干貝絲炒麵', '2023-03-01'),
(1136, 544, 'Female', 49, 14, '主食', '港式牛肉撈麵', '2023-03-01'),
(1137, 516, 'Female', 47, 14, '主食', 'XO醬臘味炒飯', '2023-03-01'),
(1138, 215, 'Male', 28, 14, '主食', '港式牛肉撈麵', '2023-03-01'),
(1139, 592, 'Male', 30, 14, '主食', '干貝絲炒麵', '2023-03-01'),
(1140, 923, 'Female', 46, 14, '主食', '港式牛肉撈麵', '2023-03-01'),
(1141, 858, 'Female', 31, 14, '主食', 'XO醬臘味炒飯', '2023-03-01'),
(1142, 304, 'Male', 26, 14, '主食', '港式牛肉撈麵', '2023-03-01'),
(1143, 721, 'Female', 41, 14, '主食', 'XO醬臘味炒飯', '2023-03-01'),
(1144, 744, 'Male', 58, 14, '主食', 'XO醬臘味炒飯', '2023-03-01'),
(1145, 723, 'Female', 43, 14, '主食', '港式牛肉撈麵', '2023-03-01'),
(1146, 972, 'Male', 25, 14, '主食', 'XO醬臘味炒飯', '2023-03-01'),
(1147, 122, 'Female', 42, 14, '主食', 'XO醬臘味炒飯', '2023-03-01'),
(1148, 424, 'Female', 53, 14, '主食', '干貝絲炒麵', '2023-03-01'),
(1149, 932, 'Female', 23, 14, '主食', '干貝絲炒麵', '2023-03-01'),
(1150, 959, 'Female', 24, 14, '主食', '港式牛肉撈麵', '2023-03-01'),
(1151, 362, 'Female', 59, 14, '主食', '港式牛肉撈麵', '2023-03-01'),
(1152, 582, 'Female', 48, 14, '主食', '港式牛肉撈麵', '2023-03-01'),
(1153, 87, 'Female', 21, 14, '主食', '干貝絲炒麵', '2023-03-01'),
(1154, 341, 'Female', 37, 14, '主食', '干貝絲炒麵', '2023-03-01'),
(1155, 529, 'Female', 43, 14, '主食', '干貝絲炒麵', '2023-03-01'),
(1156, 731, 'Female', 21, 14, '主食', 'XO醬臘味炒飯', '2023-03-01'),
(1157, 422, 'Female', 41, 14, '主食', '港式牛肉撈麵', '2023-03-01'),
(1158, 228, 'Female', 36, 14, '主食', 'XO醬臘味炒飯', '2023-03-01'),
(1159, 733, 'Female', 22, 14, '主食', 'XO醬臘味炒飯', '2023-03-01'),
(1160, 350, 'Female', 53, 14, '主食', '干貝絲炒麵', '2023-03-01'),
(1161, 192, 'Male', 30, 14, '主食', '港式牛肉撈麵', '2023-03-01');

-- --------------------------------------------------------

--
-- Table structure for table `user`
--

CREATE TABLE `user` (
  `user_id` int(11) NOT NULL,
  `user_pw` varchar(100) DEFAULT 'foviamothirdsaparty',
  `user_name` varchar(20) NOT NULL,
  `user_gender` varchar(1) DEFAULT NULL,
  `user_birth` date DEFAULT NULL,
  `user_email` varchar(50) NOT NULL,
  `user_avatar` varchar(200) DEFAULT NULL,
  `user_point` int(11) DEFAULT '0',
  `user_google_id` varchar(30) DEFAULT NULL,
  `user_fb_id` varchar(30) DEFAULT NULL
) ENGINE=InnoDB DEFAULT CHARSET=utf8;

--
-- Dumping data for table `user`
--

INSERT INTO `user` (`user_id`, `user_pw`, `user_name`, `user_gender`, `user_birth`, `user_email`, `user_avatar`, `user_point`, `user_google_id`, `user_fb_id`) VALUES
(1, '1111', '藤井風', 'M', '1973-10-11', 'aniki@gmail.com', '../upload/user_id_1/info_img/user-01.jpg', 290, NULL, NULL),
(2, '2222', '瑪利歐', 'M', '1981-03-10', 'mario@gmail.com', '../upload/user_id_2/info_img/user-02.jpg', 87, NULL, NULL),
(3, '3333', '性感寶貝', 'F', '1999-01-01', 'sexybaby@gmail.com', '../upload/user_id_3/info_img/user-03.jpg', 50, NULL, NULL),
(4, '4444', '錢達智', 'M', '1980-05-28', 'money@gmail.com', '../upload/user_id_4/info_img/user-04.jpg', 8, NULL, NULL),
(5, '5555', '李多慧很會', 'F', '1999-08-04', 'lalala@gmail.com', '../upload/user_id_5/info_img/user-05.jpg', 10, NULL, NULL),
(21, 'password21', 'User 21', 'M', '2003-01-01', 'user21@example.com', NULL, 0, NULL, NULL),
(22, 'password22', 'User 22', 'F', '1985-05-10', 'user22@example.com', NULL, 0, NULL, NULL),
(23, 'password23', 'User 23', 'M', '1979-11-23', 'user23@example.com', NULL, 0, NULL, NULL),
(24, 'password24', 'User 24', 'F', '1992-07-15', 'user24@example.com', NULL, 0, NULL, NULL),
(25, 'password25', 'User 25', 'M', '2001-09-06', 'user25@example.com', NULL, 0, NULL, NULL),
(26, 'password26', 'User 26', 'F', '1978-03-30', 'user26@example.com', NULL, 0, NULL, NULL),
(27, 'password27', 'User 27', 'M', '1990-12-12', 'user27@example.com', NULL, 0, NULL, NULL),
(28, 'password28', 'User 28', 'F', '1987-06-27', 'user28@example.com', NULL, 0, NULL, NULL),
(29, 'password29', 'User 29', 'M', '1983-02-18', 'user29@example.com', NULL, 0, NULL, NULL),
(30, 'password30', 'User 30', 'F', '1975-08-08', 'user30@example.com', NULL, 0, NULL, NULL),
(56, 'foviamothirdsaparty', '林家寧', NULL, NULL, 'aly.chianing@gmail.com', 'https://lh3.googleusercontent.com/a/AGNmyxaGvsFys0vnhtEM_UoIyX6pGvD0rfWmXiam4JSa=s96-c', 0, '103807883885562602951', NULL),
(58, 'foviamothirdsaparty', 'Chia-Ning Lin', NULL, NULL, 'hi4u2gu221@yahoo.com.tw', 'https://platform-lookaside.fbsbx.com/platform/profilepic/?asid=2059206877619859&height=200&width=200&ext=1687073667&hash=AeT1stl4ro6T01o_6LQ', 0, NULL, '2059206877619859'),
(59, 'foviamothirdsaparty', '林家寧', NULL, NULL, 'alylin1114@gmail.com', 'https://lh3.googleusercontent.com/a/AGNmyxZaEnAl-0CUDk3UrJAgkvjG1Irl9moLsEQVpuAi=s96-c', 0, '111202763553462394576', NULL);

--
-- Indexes for dumped tables
--

--
-- Indexes for table `active`
--
ALTER TABLE `active`
  ADD PRIMARY KEY (`shop_id`,`active_id`),
  ADD UNIQUE KEY `active_id` (`active_id`);

--
-- Indexes for table `business_now`
--
ALTER TABLE `business_now`
  ADD PRIMARY KEY (`shop_id`);

--
-- Indexes for table `class`
--
ALTER TABLE `class`
  ADD PRIMARY KEY (`class_id`),
  ADD UNIQUE KEY `class_name` (`class_name`);

--
-- Indexes for table `comment`
--
ALTER TABLE `comment`
  ADD PRIMARY KEY (`user_id`,`shop_id`),
  ADD KEY `shop_id` (`shop_id`);

--
-- Indexes for table `coupon`
--
ALTER TABLE `coupon`
  ADD PRIMARY KEY (`user_coupon_id`),
  ADD KEY `user_id` (`user_id`);

--
-- Indexes for table `coupon_list`
--
ALTER TABLE `coupon_list`
  ADD PRIMARY KEY (`coupon_id`,`shop_id`),
  ADD KEY `shop_id` (`shop_id`);

--
-- Indexes for table `history_text`
--
ALTER TABLE `history_text`
  ADD PRIMARY KEY (`histoy_id`),
  ADD KEY `user_id` (`user_id`);

--
-- Indexes for table `location`
--
ALTER TABLE `location`
  ADD PRIMARY KEY (`location_id`),
  ADD UNIQUE KEY `location_name` (`location_name`);

--
-- Indexes for table `menu`
--
ALTER TABLE `menu`
  ADD PRIMARY KEY (`shop_id`,`menu_id`);

--
-- Indexes for table `potential_shop`
--
ALTER TABLE `potential_shop`
  ADD PRIMARY KEY (`p_shop_tax_id`),
  ADD UNIQUE KEY `p_shop_id` (`p_shop_id`),
  ADD UNIQUE KEY `p_shop_address` (`p_shop_address`),
  ADD KEY `location_id` (`location_id`);

--
-- Indexes for table `season`
--
ALTER TABLE `season`
  ADD PRIMARY KEY (`season_id`);

--
-- Indexes for table `season_shop_list`
--
ALTER TABLE `season_shop_list`
  ADD PRIMARY KEY (`shop_id`,`season_id`),
  ADD KEY `season_id` (`season_id`);

--
-- Indexes for table `shop`
--
ALTER TABLE `shop`
  ADD PRIMARY KEY (`shop_tax_id`),
  ADD UNIQUE KEY `shop_id` (`shop_id`),
  ADD KEY `location_id` (`location_id`),
  ADD KEY `class_id` (`class_id`);

--
-- Indexes for table `touch`
--
ALTER TABLE `touch`
  ADD PRIMARY KEY (`TC_ChartID`);

--
-- Indexes for table `user`
--
ALTER TABLE `user`
  ADD PRIMARY KEY (`user_id`),
  ADD UNIQUE KEY `user_email` (`user_email`),
  ADD UNIQUE KEY `user_fb_id` (`user_fb_id`),
  ADD UNIQUE KEY `user_google_id` (`user_google_id`);

--
-- AUTO_INCREMENT for dumped tables
--

--
-- AUTO_INCREMENT for table `active`
--
ALTER TABLE `active`
  MODIFY `active_id` int(11) NOT NULL AUTO_INCREMENT, AUTO_INCREMENT=6;

--
-- AUTO_INCREMENT for table `class`
--
ALTER TABLE `class`
  MODIFY `class_id` tinyint(3) UNSIGNED NOT NULL AUTO_INCREMENT, AUTO_INCREMENT=14;

--
-- AUTO_INCREMENT for table `coupon`
--
ALTER TABLE `coupon`
  MODIFY `user_coupon_id` int(11) NOT NULL AUTO_INCREMENT, AUTO_INCREMENT=404;

--
-- AUTO_INCREMENT for table `coupon_list`
--
ALTER TABLE `coupon_list`
  MODIFY `coupon_id` int(10) NOT NULL AUTO_INCREMENT, AUTO_INCREMENT=16;

--
-- AUTO_INCREMENT for table `history_text`
--
ALTER TABLE `history_text`
  MODIFY `histoy_id` int(11) NOT NULL AUTO_INCREMENT, AUTO_INCREMENT=72;

--
-- AUTO_INCREMENT for table `potential_shop`
--
ALTER TABLE `potential_shop`
  MODIFY `p_shop_id` int(11) NOT NULL AUTO_INCREMENT;

--
-- AUTO_INCREMENT for table `season`
--
ALTER TABLE `season`
  MODIFY `season_id` int(11) NOT NULL AUTO_INCREMENT, AUTO_INCREMENT=4;

--
-- AUTO_INCREMENT for table `shop`
--
ALTER TABLE `shop`
  MODIFY `shop_id` int(11) NOT NULL AUTO_INCREMENT, AUTO_INCREMENT=94;

--
-- AUTO_INCREMENT for table `touch`
--
ALTER TABLE `touch`
  MODIFY `TC_ChartID` int(11) NOT NULL AUTO_INCREMENT, AUTO_INCREMENT=1162;

--
-- AUTO_INCREMENT for table `user`
--
ALTER TABLE `user`
  MODIFY `user_id` int(11) NOT NULL AUTO_INCREMENT, AUTO_INCREMENT=61;

--
-- Constraints for dumped tables
--

--
-- Constraints for table `active`
--
ALTER TABLE `active`
  ADD CONSTRAINT `active_ibfk_1` FOREIGN KEY (`shop_id`) REFERENCES `shop` (`shop_id`);

--
-- Constraints for table `business_now`
--
ALTER TABLE `business_now`
  ADD CONSTRAINT `business_now_ibfk_1` FOREIGN KEY (`shop_id`) REFERENCES `shop` (`shop_id`);

--
-- Constraints for table `comment`
--
ALTER TABLE `comment`
  ADD CONSTRAINT `comment_ibfk_1` FOREIGN KEY (`user_id`) REFERENCES `user` (`user_id`),
  ADD CONSTRAINT `comment_ibfk_2` FOREIGN KEY (`shop_id`) REFERENCES `shop` (`shop_id`);

--
-- Constraints for table `coupon`
--
ALTER TABLE `coupon`
  ADD CONSTRAINT `coupon_ibfk_1` FOREIGN KEY (`user_id`) REFERENCES `user` (`user_id`);

--
-- Constraints for table `coupon_list`
--
ALTER TABLE `coupon_list`
  ADD CONSTRAINT `coupon_list_ibfk_1` FOREIGN KEY (`shop_id`) REFERENCES `shop` (`shop_id`);

--
-- Constraints for table `history_text`
--
ALTER TABLE `history_text`
  ADD CONSTRAINT `history_text_ibfk_1` FOREIGN KEY (`user_id`) REFERENCES `user` (`user_id`);

--
-- Constraints for table `menu`
--
ALTER TABLE `menu`
  ADD CONSTRAINT `menu_ibfk_1` FOREIGN KEY (`shop_id`) REFERENCES `shop` (`shop_id`);

--
-- Constraints for table `potential_shop`
--
ALTER TABLE `potential_shop`
  ADD CONSTRAINT `potential_shop_ibfk_1` FOREIGN KEY (`location_id`) REFERENCES `location` (`location_id`);

--
-- Constraints for table `season_shop_list`
--
ALTER TABLE `season_shop_list`
  ADD CONSTRAINT `season_shop_list_ibfk_1` FOREIGN KEY (`shop_id`) REFERENCES `shop` (`shop_id`),
  ADD CONSTRAINT `season_shop_list_ibfk_2` FOREIGN KEY (`season_id`) REFERENCES `season` (`season_id`);

--
-- Constraints for table `shop`
--
ALTER TABLE `shop`
  ADD CONSTRAINT `shop_ibfk_1` FOREIGN KEY (`location_id`) REFERENCES `location` (`location_id`),
  ADD CONSTRAINT `shop_ibfk_2` FOREIGN KEY (`class_id`) REFERENCES `class` (`class_id`);
COMMIT;

/*!40101 SET CHARACTER_SET_CLIENT=@OLD_CHARACTER_SET_CLIENT */;
/*!40101 SET CHARACTER_SET_RESULTS=@OLD_CHARACTER_SET_RESULTS */;
/*!40101 SET COLLATION_CONNECTION=@OLD_COLLATION_CONNECTION */;
